Date,Username,Comment
12/1/2025,worksfess,"work! sender gak nyaman sama lingkungan kerja yang toxic, rencananya mau coba konsul ke psikiater tapi bisa gak ya pake bpjs pbi? https://t.co/oPYKaWMXWd"
12/2/2025,mollypinki,"@undipmfs2 waktu itu aku case-nya juga sama kayak kamu, aku pbi dan udah disetujui di SIAP cuman kalo di JKN masih faskes asal kota makanya keluarga ku ke kantor BPJS"
12/2/2025,grok,"@AntonSubagia @Bank_Joee_ @susno2g @Jediimar @_satrio_aji_ @feroferraferri @bonapasogit24 @VerenaSusilowa1 @SmileyNDeLight @FDonghun @QueenSilence_ @BANGSAygSUJUD @HotelBrongto @ferdinand_mpu @mohmahfudmd @msaid_didu @neVerAl0nely___ Haha, poin bagus! Benar, bayi baru lahir harus didaftarkan ke BPJS Kesehatan dalam 28 hari (untuk PBPU) atau 3 bulan (PBI) agar biaya RS ditanggung (sumber: Perpres 82/2018, BPJS Kesehatan). Jika belum, orang tua bayar sendiri. Vaksin bisa cegah sakit awal &amp; biaya tinggi. Setuju?"
12/3/2025,yourrsse,@BPJSKesehatanRI min kalo mau pindah dari bpjs peserta mandiri ke bpjs PBI tapi masih ada tunggakan di BPJS biasa bisa ga ya?? Soalnya kasian teman saya gak sanggup buat lunasin tunggakan bpjsnya.
12/3/2025,hamiyaaaa,Bpjs pbi akhir bln kemarin serentak pada nonaktif kenapa dah🙄
12/3/2025,azwar_gobel,@BPJSKesehatanRI pengurusan dari peserta mandiri bukan penerima upah yg bayar tiap bulan ke PBI gmn cara nya ya? Bapak ku wktu itu bawa surat RT RW ke kelurahan sudah ke kelurahan ke petugas BPJS dsna .. udh sebulan msh blm ada kabar ya?
12/4/2025,RivaiBaim,Sedikit Tips Buat Mengatasi BPJS PBI yang tiba-tiba tidak aktif https://t.co/x8mNn0D6R7
12/4/2025,BPJSKesehatanRI,"@liameyzz Salam. Penentu keaktifan Peserta PBI berdasarkan dengan perjanjian kerja sama antara Pemerintah Daerah dengan BPJS Kesehatan, sedangkan Peserta PBI JK/ PBI JK sesuai dengan (DTSEN) yang telah ditentukan oleh Pemerintah Pusat sesuai SK Kementerian Sosial. (Teks 1/2)"
12/4/2025,taufikpersonal,"@BPJSKesehatanRI Min mau tanya, kok bpjs istri sama anak saya yg PBI tiba² non aktif ya kenapa?"
12/5/2025,pemkabekasi,"Sekretaris Daerah Kabupaten Bekasi, Endin Samsudin, membuka Rapat Koordinasi Pengalihan Penerima Bantuan Iuran (PBI) dari PBI BP/PU Pemerintah Daerah ke PBI Jaminan Kesehatan (PBI JK) bersama BPJS Kesehatan di Ruang Rapat Sekda, Cikarang Pusat, Jumat (5/12). https://t.co/BPnlqyKrEL"
12/6/2025,incess_juli99,@lesdeaux Maaf kak dibikin pisah aja maybe KK Nya kaya Uwa aku. Dia emg gara2 ga pnh E-ktp awalnya. Jd yg si anak sama si istri kedata Gratis PBI terus uwa aku dibantu ke kades jd bayar BPJS pribadi buat sendiri ke pasien yg emg urgent butuh
12/6/2025,incess_juli99,@lesdeaux Ka sorry udh daftar BPJS belum?.) coba daftarin kak atau ga pny bantuan ke kades bikin jamkesda. Aku ga tahu di jakarta ada apa engga di aku bogor kabupaten si kalau ga ada BPJS daftar jamkesda atau ga minta bantuan Daftar BPJS PBI kalau emg maaf kurang mampu.
12/6/2025,Gen_cuan,Cara cek penerima PBI BPJS Kesehatan 2025 lewat HP dan website. Cek apakah Anda terdaftar sebagai penerima bantuan iuran secara cepat dan mudah. https://t.co/MrzxokRYDG
12/8/2025,Tety_Setia16,"@mads_nesss @tanyarlfes Utk mengajukan, ke kelurahan dulu guna mengubah status pekerjaan suami yg ada di KTP &amp; KK. Saat itu stts pekerjaan suami sy di KTP &amp; KK dr karyawan swasta menjadi Buruh Harian Lepas. Lalu kita ke Puskesmas utk mengubah BPJS kls 1 menjadi PBI."
12/8/2025,Tety_Setia16,"@tanyarlfes Untuk BPJS, minta pindah ke PBI (Penerima Bantuan Iuran) saja. Spt saya, pas kontrak kerja suami ga diperpanjang (otomatis nganggur), langsung ajukan PBI."
12/8/2025,ndoeddd,"Ngerasain pasien umum dan bpjs kelas 1 emang diprioritasin, beda sama pbi🙌"
12/9/2025,MohHaerulAnwar,@Milkychoco17 @BPJSKesehatanRI Saya hari aktifasi ulang bpjs PBI ke bpjs Mandiri automatis AKTIF setelah pembayaran selesai kak.
12/10/2025,ndraverne,"Sarapan dulu, abis keliling pendataan ulang warga yang dapet BPJS PBI. Kata petugas Kelurahan ""barusan orang mampu ya Pak?"" 😁 https://t.co/79uWX3PZsK"
12/10/2025,RamdhanPer884,"@BPJSKesehatanRI kalau bpjs pbi apbn ada kesalahan nama,(tidak sesuai karena nama berbeda dg ktp,tapi nik sudah sesuai )apa bisa dibetulkan lewat layanan pandawa atau haus k dukcapil dulu baru ke kantor bpjs? cuman alamat sekarang pindah dari kab.garut ke kab.bandung"
12/11/2025,hyuntomin,"@chikijeki13 @floradanfauna_ KIS itu BPJS PBI kak hitungannya, jadi bisa dianggap BPJS juga"
12/11/2025,tribunkaltim,"Akses terhadap layanan kesehatan yang merata menjadi perhatian penting pemerintah, termasuk melalui program BPJS Kesehatan Penerima Bantuan Iuran (PBI). https://t.co/FssUTVDoRE"
12/12/2025,BPJSKesehatanRI,"@Rumahsajakku Salam. Perubahan Faskes bisa dilakukan melalui Mobile JKN dengan syarat sudah terdaftar 3 bulan, jika terkendala peserta PBPU/PPU Swasta/PPU PNS/PPPK/PBI JK bisa melalui Kantor Cabang BPJS Kesehatan,Mall Pelayanan Publik atau PANDAWA di nomor 08118165165. Terima kasih. :) -sunny"
12/12/2025,gooddaycool_in,"@watashiisdying Saya ngga tau kalo punya bpjs kak, waktu dicek NIKnya ternyata udah terdaftar PBI entah sejak tahun berapa. Pas pindah ke mandiri pake mobile jkn ternyata udah non aktif sejak 2019."
12/13/2025,HD010524,"infonya dong, adakah yg pernah pindah bpjs kesehatan ke pbi dari mandiri??? plissss"
12/13/2025,mvltiferse,"@coffebit salah, ora sak apotek wong duit wae ga duwe, sak farmasine puskesmas wae soale prikso nggo bpjs pbi 😔"
12/13/2025,DedyKurnia48911,@prabowo tolong dikaji ulang pemutihan tunggakan BPJS Kshtn. Jgn hy yg sdh bralih dr mandiri ke PBI sj yg bs ikut kmi yg MANDIRI byk tunggakan (krtu tdk aktif) spy bs ikut pemutihan. Jgn beda2kan msyrakat. Sm spt pmtihan pjk kendraan smua org bs ikut hrsx bpjs tdk beda2kan kaya &amp; miskin
12/13/2025,DedyKurnia48911,@cakimiNOW Pak muhaimin tolong dikaji ulang ttg pemutihan tunggakan BPJS Kshtn. Jgn hy yg sdh bralih dr mandiri ke PBI sj yg bs ikut kmi yg MANDIRI byk tunggakan (krtu tdk aktif) spy bs ikut pemutihan. Jgn beda2kan msyrakat. Sm spt pmtihan pjk kndraan smua org bs ikut hrsx bpjs jg spt itu
12/15/2025,AdhiEndrawan,"@hndrtn_ @merapi_uncover BPJS sekali didaftarkan selamanya berjalan. Hanya bisa dihentikan permanen jika nama tertanggung meninggal dunia. Berhenti sementara jika menunggak lebih dr 1 bln, melapor tinggal diluar negeri, dikeluarkan dari status PBI"
12/15/2025,yourfavners,"Definisi miskin belagu! Pasien bpjs pbi gak mau sekamar sama banyak orang, gak mau kelas 3, maunya yg VIP, giliran dijelasin biaya umumnya langsung diem dan malah komplain “Pelayanan kalian lama mentang-mentang pake BPJS”."
12/16/2025,PemKabTangerang,"Program ini menyasar langsung masyarakat melalui bantuan sembako, tabur benih ikan, reaktivasi PBI BPJS Kesehatan, hingga dukungan pendidikan dan sosial sebagai upaya terpadu menekan kemiskinan, pengangguran, dan memperkuat ketahanan pangan."
12/16/2025,suhendrosl,"@BPJSKesehatanRI istri dan anak pertama saya penerima PBI tapi anak kedua tidak menerima PBI, gimana cara urus anak kedua bisa di tanggung bpjs mandiri?"
12/17/2025,mosuyouv,"@jogja_base jd bpjs non pbi nder alias iuran mandiri, kl mau balik bpjs pbi (pemerintah) harus ngurus ulang berkas2nya ke dinsos. cmiiw"
12/17/2025,DanangDarmawan,"@jogja_base kalau UMR rendah minim ada transportasi umum yang murah dan merata. Akses komoditas bulog yang memang murah. rusunawa , bpjs pbi,"
12/17/2025,jendeuqi,@beibijeiji @tanyakanrl Bpjs pbi kak?
12/17/2025,RakyatJatengs,"@tanyakanrl Sekarang ada teknologi namanya BPJS, meskipun banyak yang bilang pakai BPJS banyak pengalaman negatif. Alhamdulillah aku nggak pernah menemui. Daerah masing"" lah pelayanannya. Kalo nggak mau bayar iuran urus SKTM ke Kelurahan biar bisa PBI"
12/18/2025,qqtzuu,"aku dlu pernah sakit batuk sampai mau meninggal, tp dipaksain ga ke klinik padahal aku bayar bpjs kelas 1, sedangkan temen ku pakai pbi gratis tis tis sakit sedikit aja ke klinik kampus, sesampah itu kah aku, serendah itu kah aku sampai merasa ga layak mendapatkan hal hal normal"
12/18/2025,sbyfess,"dan klo misal bpjs kesehatan yg dari pt ga ikut, jd cma ikut bpjs ketenagakerjaan, gmn ya rek? kasih saran dong -rek ak gmau bpjs pbi ku dicabut😭 https://t.co/MWzhHEktHY"
12/18/2025,asssappy,"@jogja_base harus ngurus dari awal ke dinsos dan instansi setempat kak setauku, karna bpjs pbi itu ada kuota2 nya"
12/18/2025,ultramenn__,"@jogja_base Kalo udah keluar dr bpjs PBI dan umur sudah diatas berapa gitu(udh bpjs mandiri) jadi misal keluar dr bpjs pbi gak bisa masuk lagi, jadi misalnya dari pt nawarin bpjs kesehtan mendingan gak usah kalo di PTku dulu karna ak yg handle jadi gak ak masukin cuma bpjs tk aja"
12/18/2025,pityofme,@jogja_base semuur idup bapaku juga gapunya bpjs dan gaperna ngurus kmrn 2025 aku cek di bpjsku klik nik bapaku trnyat ditanggung PBI juga padahal udah siap siap duit kala itu krn tampa bpjs sendiri pihak desa jg gada yg daftarin trnyata tbtb masuk PBI
12/18/2025,pityofme,@jogja_base ternyata udah masuk PBI jadi ga daftar meskipun gajinya banyak dulunya trus stop tetep bisa masuk PBI  krn sekeluarganya Pbi itu bisa di cek mandiri saat nanti usai kontrak selesai/resign via yang pake lacak WA status bpjs deh dulu aku mkirnya juga bayar mandiri trnytaPBI otmts
12/18/2025,pityofme,"@jogja_base nder semoga membantu aku mau berbagi pengalamanku : 2018 aku BPJS ditanggung kantor kerja bumn, 2018-2022 kuliah ga diurus, trnyata saat di cek ditanggung PBI, 2022-2025 kerja ditanggung kantor, rekanku : 2019-2023 kerja di tanggung kantor, 2023-2025 ga diurus, 2025 kemarin ngecek~"
12/19/2025,oikawatekdus,"@sbyfess coba diganti rujukan rs e atau pindah faskes nder. bpjs soale ngunu, nek ga ketokan darurat temenan gak ndang ditompo, soale ak sendiri pake pbi pas temenan darurat jd ketompo temenan dirujuk nak rs suwandi opname 3mgg jg. atau bs jd sakit yg dimaksud gak termasuk di layanan bpjs"
12/19/2025,febiads,@sbyfess Sakitnya apa dulu nder? Alhamdulillah almh. ibuku dulu ditangani meskipun pake bpjs pbi. Ibuku sakit jantung.
12/20/2025,atsara_nia,"@DedeAgs3006 @Piyusaja2 Duh polosnya itu otak 🤣 emang semua itu gratis? TIDAK. BPJS bayar, even yg PBI itu urunan jg dari dana yang bayar. Masuk tol gratis? BAYAR. Pake fasilitas bandara, terminal, stasiun? BAYAR JUGA 🤣 semua itu udah ada, bahkan dari jaman Pak SBY gaiis"
12/22/2025,minjii_24,@BPJSKesehatanRI kalau nanti mau beralih ke BPJS PBI apakah masih bisa??
12/22/2025,minjii_24,"BPJS pbi saya nonaktif dari bulan juni, kalo mau aktifkan kembali ke BPJS Mandiri apakah ada tagihan yang harus dibayarkan terlebih dahulu? @BPJSKesehatanRI"
12/22/2025,baihaqiiw,"Gimana ceritanya pasien ga punya BPJS. Baru ngurus UHC PBI. Sampe ruangan marah2 minta kamar sendiri. Udah BPJS ga pernah bayar, baru ngurus UHC tapi minta kelas 1 atau VIP hadeh"
12/25/2025,BPJSKesehatanRI,@Dinarra93 Salam Sehat Sahabat. Mengenai pembaruan KK atau penggabungan susunan anggota keluarga peserta PBPU dan BP PEMDA/PBI JK silakan melalui Kantor Cabang BPJS Kesehatan sesuai domisili KTP. Terima kasih. :) -ami
12/25/2025,BPJSKesehatanRI,@Dinarra93 Salam Sehat Sahabat. Benar Sahabat. Jika terdaftar peserta PBPU dan BP PEMDA/PBI JK silakan melakukan pembaruan KK atau penggabungan susunan anggota keluarga melalui Kantor Cabang BPJS Kesehatan sesuai domisili KTP. Terima kasih. :) -ayas
12/25/2025,BPJSKesehatanRI,"@Dinarra93 Salam Sehat Sahabat. Mohon maaf, tidak bisa online ya Sahabat. Jika terdaftar peserta PBPU dan BP PEMDA/PBI JK silakan melakukan pembaruan KK atau penggabungan susunan anggota keluarga melalui Kantor Cabang BPJS Kesehatan sesuai domisili KTP. Terima kasih. :) -ami"
12/25/2025,Dinarra93,"@BPJSKesehatanRI izin bertanya, bulek sy suami istri bpjs PBI, mobile jkn nya terpisah, apakah bisa dijadikan 1? Krn satu kk. Dan beliau org tua kl terpisah susah. telp call center 165 katanya suruh ke dinsos, apakah tidak ada cara online nya?Mohon pencerahannya terima kasih"
12/26/2025,blackB_red,"@BPJSKesehatanRI halo, kak. Mau tanya kalo aktifkan kembali BPJS PBI itu bagaimana ya? Kalo kata di Puskesmas dan RS (di IGD) katanya harus darurat dulu. Maksud darurat itu seperti apa ya kak?"
12/26/2025,SuaraTrenggalek,"Total DBHCHT yang diterima Pemkab Trenggalek mencapai Rp 18 miliar, bertambah Rp 1 miliar dari alokasi awal sebesar Rp 17 miliar. #trenggalek #dbhcht #cukairokok #rokok #bpjs https://t.co/MKsK2xI1MN"
12/27/2025,SuaraTrenggalek,"Dari total hampir 24 ribu peserta yang dinonaktifkan berdasarkan Surat Keputusan Kementerian Sosial, masih ada 1.265 orang yang telah berhasil direaktivas. #trenggalek #bpjskesehatan #bpjspbi #viral #trending https://t.co/VNoMqknbky https://t.co/0BM3UAWAxy"
12/29/2025,grok,"@Agus_imam02 @Jateng_Twit Untuk pemutihan tunggakan iuran BPJS Kesehatan yang dimulai akhir 2025, peserta nonaktif bisa aktif lagi dengan syarat: 1. Terdaftar di DTKS (Data Terpadu Kesejahteraan Sosial) &amp; DTKSEN (Ekonomi Nasional). 2. PBI (Penerima Bantuan Iuran). 3. Termasuk masyarakat mampu tapi tak"
12/30/2025,kalsmeee,"kemaren2 mau buat bpjs pbi di desa ga bisa2 dengan alasan gua dah ada bpjs dari prusahaan padahal nganggur, dan mamah dah punya bpjs padahal ga punya"
1/2/2026,restupandawa,@BPJSKesehatanRI mau tanya bpjs pbi saya kok tiba2 nonaktif tahun ini. Kenapa?
1/2/2026,BPJSKesehatanRI,"@restupandawa Siang. Jika terdaftar di PBI APBD maka akan sesuai dengan PKS Pemda dan BPJS Kesehatan ya. Apabila status nonaktif PBI, silakan bisa melakukan pengaktifan kembali kartu melalui Kantor Dinas Sosial sesuai dengan domisili KTP dengan membawa data KK dan KTP ya. Tks. :) -risma"
1/2/2026,kompascom,"119.621 Warga Miskin Kendal Dinonaktifkan dari BPJS PBI, Harus Daftar JKN Mandiri. Baca selengkapnya: https://t.co/CK8IpxoQbB_RKD #miskin #kendal #bpjs"
1/2/2026,fullsun_97,Aku pas awal masuk igd aja aku gk tau ada bpjs pbi Alhamdulillah bisa diapake 6 bulan hd... sekarang nonaktif kalangkabutt ngurus nya 🥲
1/2/2026,UnknowRthymm,"@DS_yantie Aga rancu kecuali keluarga ga mau usahain, bisa loh ke desa setempat membuat surat keterangan tidak mampu kemudian nantinya bisa buat bpjs yg statusnya jd pbi. Biasanya RS suka kasih tau kok"
1/3/2026,imyuthero,@sugondese6666 @dexvolution Pantes kabarnya bpjs pbi gak aktif lagi
1/5/2026,mkyjpx,"kalau mau ganti bpjs pbi ke pbpu mandiri gimana yaa? nah aku mau ganti punyaku saja, punya mama papa tidak. apakah bisa? @grok"
1/5/2026,grok,"@mkyjpx Ya, bisa ganti BPJS PBI ke PBPU mandiri hanya punyamu sendiri, tanpa ubah punya mama papa, asal data KK memungkinkan. Cara: - Via app Mobile JKN: Login, pilih ""Ubah Data Peserta"" &gt; ""Ubah Segmen"" &gt; pilih PBPU &gt; submit dokumen (e-KTP, KK, rek. bank). - Atau WhatsApp Pandawa"
1/5/2026,BPJSKesehatanRI,"@elllaylaaaa Sore. Jika terdaftar PBI, penentu keaktifan Peserta PBPU dan BP PEMDA sesuai perjanjian kerja sama antara PEMDA dengan BPJS Kesehatan, PBI JK sesuai DTSEN yang ditentukan oleh Pemerintah Pusat sesuai SK Kemensos. Pengaktifan ke Dinsos membawa KK dan KTP. Terima kasih. :) -rara"
1/5/2026,balipuspanews,"Sharing Iuran BPJS PBI Turun Drastis, Dewan Buleleng Bersuara Keras https://t.co/XTAdYmeJYb"
1/5/2026,sukabngtmacaw,"@uibaseNG untuk periksa mata gratis kak, beli kacamata pake BPJS bsa tergantung kelas BPJS kamu ya dan sistemnya potongan harga sih. (Kelas 1: Rp330.000, Kelas 2: Rp220.000, Kelas 3/PBI: Rp165.000). Misal Harga Kacamata 300rb dan kamu BPJS kelas 3, berarti kamu nambah 135."
1/6/2026,updatebalii,Alokasi dana sharing iuran kepesertaan Penerima Bantuan Iuran (PBI) BPJS Kesehatan dari Pemerintah Provinsi Bali ke Kabupaten Buleleng turun drastis. #BPJSKesehatan #Dewan #Buleleng https://t.co/0Y7QpeX6s3
1/6/2026,Rianhartanto387,@AndhaYannhi @drnewstwit Ya memang mahal banget 1 paket daripada buat beli gituan mending berobat ke spesialis. Kadanga ada logika aneh berobat pake BPJS PBI tapi beli obat Herbal dan produk AFC maksain beli cash
1/6/2026,ZHABLUEWOO,"@tanyakanrl sorry oot, mau nanya:( aku kan sebelumnya punya bpjs pbi yg gratis dri pemerintah, trs aku kerja di perusahaan A, aku baru tau bpjsku berubah jdi bpjs ppu kelas 2 yg dibayarkan oleh perusahaan, after beberapa bulan aku resign dan bpjsku ga aktif lgi:( ada yg pernah jg ga?"
1/6/2026,Meryansr,"@tanyakanrl btw nenekku pake bpjs pbi tapi pas di cek ternyata udah ga aktif, klo misal mau aktifin lagi apa bakal ada case kya di atas? bayar tunggakan selama ga aktif?"
1/6/2026,Hagia_haura,"@Meryansr @tanyakanrl Kayaknya enggak kak, dulu aku pbi tapi pas mau berobat ternyata bpjsku nggk aktif dan tidak ada tagihan habis itu aku ganti ke bpjs mandiri"
1/6/2026,meripahamify,"@BPJSKesehatanRI @BPJSTKinfo hai min, kalau didaftarkan bpjs ketenagakerjaan oleh perusahaan tapi tidak daftarkan bpjs kesehatan, apakah bpjs pbi akan dicabut?"
1/6/2026,dixie_pp,@ZHABLUEWOO @tanyakanrl Hrs y konfirmasi ke tmpt krja gak ikut BPJS kesehatan dr perusahaan krna udh aktif pbi
1/6/2026,cleofitri3,"@pram_sj99 @tanyakanrl Gini.. awalnya masuk PBI. Aturan PBI harus digunakan tiap beberapa waktu sekali, walaupun ga sakit cukup buat general cek up di faskes 1. Kalau ga kepake, otomatis off. Kemudian kalau si penerima bpjs pbi ini tiba2 mau aktifin, dia harus membayar dr off smpe saat mau digunakan"
1/6/2026,sejumputtanah,"@Meryansr @tanyakanrl Pengalamanku kak kemaren daftarin ibuku jadi pbi sudah terhenti dari agt, kemudian supaya bpjs bisa lanjut terus harus diubah ke mandiri, aku daftarin ibu di bulan nov kemaren dan tidak ada tunggakan sama sekali"
1/6/2026,bucinapabuncit,@tanyakanrl sedikasihnya aja gak sih nder? Btw bpjs di persulit kah? Soalnya aku tiap bulan ke dokter pake bpjs dan aman2 aja (tapi pakainya bpjs yg dikasih kantor) bukan yg gratis pemerintah tapi meski pbi setauku mah aman2 aja. Apa tergantung klinik/puskesmas ya🤔
1/6/2026,iamnggls,"@Meryansr @tanyakanrl Nggak kak, kalau dri pbi ke mandiri nggak. Sama case nya kalau bpjs dri perusahaan terus kita kena lay off statusnya bakal ""berhenti di akhir bulan"". Jd ga ada tunggakan di bulan dpnnya."
1/6/2026,bothfakeandreal,"@AisyahFirel @tanyakanrl Kalo masih dalam bentuk kartu KIS nya gue gatau, tapi gue awalnya peserta kartu KIS yg dipindah ke BPJS. Jadi pas di BPJS gue masuknya yg PBI, ga usah iuran alias gratis. Jadi buat yg punya kartu KIS bisa kok dipindah ke BPJS"
1/6/2026,ZHABLUEWOO,@milkkamoo @tanyakanrl pernah kaa pihak kantor desa nyaranin aku langsung ke dinsos sedangkan dri dinsos sendiri bilang untuk status bpjs gabisa di ubah kembali ke pbi 😔
1/6/2026,rosegolfd,"@tanyakanrl bpjs harus punya , atau ajukan pbi aja klo bisa biar gratis. mental harus kuat , klo lemah bisa gila ntar. tapi ajaibnya punya anak itu rasanya bahagia tapi cape , tapi harus ikhlas. klo soal rejeki baru 1 anak insya Allah ada darimana aja asal jangan hedon gayanya."
1/6/2026,blacktulippe,"Kebetulan data aku masuk sebagai peserta bpjs pbi karna panjang ceritanya. Terus liat ini ada yg bilang bpjs pbi wajib dipake minimal sekali atau nanti ga aktif. Sedangkan selama ini tiap sakit/cek up selalu pake umum ga pernah bpjs, tp status di bpjs masih aktif sampe sekarang"
1/8/2026,BPJSKesehatanRI,@herman_chou73 Salam. Peralihan segmen dari PBI JK Aktif ke PBPU/ Mandiri dilakukan melalui Kantor Cabang BPJS Kesehatan. Namun jika memilih kelas rawat 3 saat alih segmen ke PBPU/ Mandiri silakan dapat melapor ke Dinas Sosial untuk penghapusan data peserta di DTSEN. Terima kasih. :) -etha
1/8/2026,BPJSKesehatanRI,"@whi_brmmmm Salam. Data kepesertaan PBI diperbarui secara periodik. Penentu keaktifan peserta PBPU dan BP PEMDA sesuai perjanjian kerja sama antara Pemerintah Daerah dengan BPJS Kesehatan, sedangkan peserta PBI JK sesuai DTSEN yang ditentukan oleh Pemerintah Pusat sesuai SK KEMENSOS. (1/2)"
1/8/2026,oktadorable,"Per 1 Januari kemarin, pemerintah melalui kemensos menonaktifkan bbrp (banyak sih) BPJS PBI bagi sebagian masyarakat. Kenapa ya pemerintah ngeutamain MBG drpd menambah subsidi kesehatan, atau pendidikan. Pdhl biaya kesehatan sebetulnya mahal bgt bagi masyarakat Indonesia"
1/8/2026,oktadorable,Nah yg kaya gini didahuluin. Yg bpjs pbi malah pada banyak dinonaktifin. Emg udh gila
1/8/2026,ayamgepreqx,mules banget mikirin BPJS PBI yang non aktif
1/8/2026,pipinyawinwin,"@cuntdi @rchlgrtl Terus masalah biaya, mungkin bisa dicek kak siapa tau bisa terhitung BPJS PBI jadi gaperlu iuran setiap bulan"
1/9/2026,eka_rafikaaa,Peserta BPJS PBI dipangkas habis kira-kira duitnya dipake kemana hayooo???
1/9/2026,Dedeleniyulian3,@BPJSKesehatanRI hallo bpjs. Saya adalah penerima BPJS PBI JK pemerintah. Nah bpjs saya di nonaktifkan pemerintah. Saya mau mengaktifasi kembali. Tapi pas mau aktifasi kenapa saya harus membayar tunggakan selama di non aktifkan ya?
1/9/2026,madokafc1,"@indragoenawan @jiwandhono @eDzulfikar Makanya urus bpjs, jgn telat bayar iuran. Kalo masih ga mampu urus pbi!!! Jgn males cari info"
1/10/2026,Tribun_Gto,Masuk PBI-JK 2026 atau Tidak? Ini Link Resmi Cek BPJS Kesehatan Gratis. https://t.co/ZjxB6e3CT5
1/10/2026,tvrijateng,"PBI Dinonaktifkan, BPJS Beriman Solusi Alih Segmen. #jatengterkini Kamis, 08 Januari 2026. Pasca penonaktifan sementara kepersetaan penerima bantuan iuran di Kab Batang BPJS Kesehatan memberikan arahan agar peserta tetap mendapatkan layanan kesehatan. https://t.co/dRLBVuELvP"
1/10/2026,Manzeen12,"Orang orang yang kaya itu yang ngeselin, bpjs lu gratis anjir pbi/pbu tapi gelang emasnya berderet dan minta diprioritas semuanya padahal baru datang"
1/11/2026,pipitcuit82,"@BPJSKesehatanRI dear BPJS, bagaimana proses/prosedur dr perseorangan PBI ke Mandiri? Apakah HARUS datang? Atau bisa online? Tks"
1/11/2026,BPJSKesehatanRI,"@pipitcuit82 Salam. Jika terdaftar PBPU dan BP PEMDA / PBI JK dan status masih aktif, silakan ke Kantor Cabang BPJS Kesehatan untuk peralihan ke PBPU/Mandiri dengan membawa persyaratan yaitu KK, KTP, buku rekening tabungan (BCA, BNI, BRI, BTN, BSI, dan Mandiri) (1/2)"
1/11/2026,pipitcuit82,"@BPJSKesehatanRI 1 KK kebetulan ayah ibu sudah mandiri (tk 1). Tapi adik masih di PBI. Apa tetap harus mengajukan sendiri hanya utk anggota keluarga tsb? Dulu adek kerja, jd BPJS berganti sbg karyawan aktif. Begitu resign, status BPJS tiba2 berubah ke PBI"
1/11/2026,BPJSKesehatanRI,"@pipitcuit82 Salam. Jika terdaftar PBPU dan BP PEMDA / PBI JK dan status masih aktif, silakan ke Kantor Cabang BPJS Kesehatan untuk peralihan ke PBPU/Mandiri dengan membawa persyaratan yang telah diinformasikan sebelumnya ya. Tks. :) -ayas"
1/11/2026,justformeforfun,"@tanyakanrl Halo kak. Jangan overthinking dulu ya kak. Coba check bpjs kakak dulu, pbi atau bukan. Kalo iya, bisa digunakan bpjs tsb.  Kalo belum, bisa daftar dulu kak pake yg kelas 3☺️ Semoga lekas sembuh🫶🏻"
1/11/2026,tribunpontianak,Aturan Baru BPJS Kesehatan 2026 Lengkap Syarat dan Cara Beralih Status Peserta Mandiri ke PBI. https://t.co/KOqP19ulk8 lewat @tribunnews
1/11/2026,realacc0unt,"@tanyakanrl Nder kalo kamu termasuk keluarga kurang mampu, ajukan keanggotaan BPJS PBI ke balai desa nder, urus itu gratis kok, nanti kamu bisa pakai bpjsnya buat berobat, yuk diusahakan dulu ngajuin Bojs pbi"
1/11/2026,nadya_devista,"@tanyakanrl Ada bpjs pbi ini gratis&amp;dari pemerintah, bisa utk tanya ke balai desa. Coba untuk tanya2 ke bidan desa ka kalo di tempatku sekitar 50-100k&amp;kayaknya di puskesmas jg segitu. Kalo ada gejala sakit please jangan tanya di base ya ka karena takutnya self diagnosis🙏"
1/12/2026,heytitasha,"@tanyakanrl Nder bikin bpjs aja. Kalo sekiranya keuangan kel kurang ngajuin pbi kis ke kelurahan. Aku waktu sma juga mensnya gtu, gak sampe setahun 2x sih tapi sakitnya masyaallah bgt. Pas di cek ternyata endometriosis 😔"
1/12/2026,Biglady95624236,"@tanyakanrl Halo sender. Coba kamu perbaiki gaya hidup kamu. Stop makanan yang mengandung tepung, gula, minyak. Istirahat cukup, kelola stres. Untuk BPJS coba ortu suruh bikin BPJS PBI di kantor kelurahan/desa. Sehat selalu sender sekeluarga"
1/13/2026,Widyawa64704930,@_Queen_Putri @hasbunallaah67 BPJS PBI ?
1/15/2026,mareestoermers,@tanyakanrl Ga ada perbedaan penanganan.. BPJS PBI itu bukannya bpjs penerima bantuan iuran bukan?
1/15/2026,BPJSKesehatanRI,"@aaprianto43 Salam. Penentu keaktifan Peserta PBPU dan BP PEMDA berdasarkan dengan perjanjian kerja sama antara Pemerintah Daerah dengan BPJS Kesehatan, sedangkan Peserta PBI JK sesuai dengan DTKS yang telah ditentukan oleh Pemerintah Pusat sesuai SK Kementerian Sosial. Terima Kasih. :) -joy"
1/15/2026,rahayusri1080,"@BPJSKesehatanRI Hallo min keluarga saya baru saja mendapatkan kartu BPJS katanya PBI tapi setelah dicek data tersebut tidak ditemukan, katanya harus nunggu 15 hari untuk bisa aktif tolong penjelasanya"
1/15/2026,BPJSKesehatanRI,"@rahayusri1080 Salam. Penentu keaktifan Peserta PBPU dan BP PEMDA berdasarkan dengan perjanjian kerja sama antara Pemerintah Daerah dengan BPJS Kesehatan, sedangkan Peserta PBI JK sesuai dengan DTKS yang telah ditentukan oleh Pemerintah Pusat sesuai SK Kementerian Sosial. (1/2)"
1/15/2026,putrapostdaily,"Cara Cek Penerima PBI-JK 2026, Ini Link Resmi Cek Status BPJS Kesehatan Gratis. https://t.co/JjZt5xZRle"
1/16/2026,grok,"@Ngadinopanser @kompascom Ya, perbedaan BPJS kelas 1, 2, 3 memang di fasilitas ruang inap: kelas 1 (1-2 tempat tidur, lebih nyaman), kelas 3 (6+ tempat tidur, lebih sederhana). Tapi layanan medis, obat, dan dokter sama untuk semua. Yang gratis (PBI) setara kelas 3. Update 2026: KRIS mulai diterapkan untuk"
1/17/2026,jurnallugas,"Cara Pindah BPJS Mandiri ke BPJS PBI, Syarat, Tahapan, dan Ketentuan Terbaru https://t.co/3Bi6SzY68h"
1/17/2026,FaHuaMulan,"@MariaAlkaff_ Itu problem masyarakat negara ini, gak malu dikatain miskin dan pny mental miskin. Org mampu pun gak malu masih tercatat sbg daftar penerima bantuan. Yang penting apa² dapat gratis, MBG, BLT, BPJS PBI. Malah mereka bahagia berada di daftar orang miskin. Jd relate koq."
1/18/2026,BPJSKesehatanRI,"@maulidanrac Salam. Bisa Sahabat. Silakan dapat peralihan segmen PBI aktif menjadi PBPU Mandiri melalui Kantor Cabang BPJS Kesehatan terdekat melampirkan materai, KK, KTP dan buku rekening tabungan/rekening koran 3 bulan terakhir (BNI, BCA, Mandiri, BRI, BSI atau BTN). Terima kasih. :) -aita"
1/18/2026,tinaberkata,"@misstonyyu Kak, Maybe kakak bisa ke lembaga nirlaba support women semacam rifka annisa? Mereka ada psikolog nirlaba juga. Tapi, Dalam jangka waktu panjang, aku merekomendasikan bgt ikut BPJS, bisa lapor RT/RW utk diteruskan ke desa bhw kakak layak dpt BPJS PBI (gratis dibayarin pemerintah)"
1/18/2026,tanyakanrl,"💚 guys mau tanya, semisal Surat Rencana Kontrol RS tuh nyuruh kontrol tgl 23 tapi pas dilihat di aplikasi tuh dokternya beda sama dokter yang operasi tuh gimana ya, lanjut atau reschedule? Ini kontrol pertama btw, dan pakainya BPJS PBI. makasih semuanya. -titipan"
1/19/2026,madokafc1,@dika90909 Sd sampe sma di Indonesia gratis kalo lu sekolah di sekolah negeri punya pemerintah. Beasiswa juga banyak kalo lu punya otak pinteran dikit. Program bpjs kesehatan jg ada yg gratis kalo lu ngurus pbi ato kis
1/19/2026,lnosxiah,@Bintu__Baba BPJS PBI yang ga dipakai bisa nonaktifkan. mbg yang ga dimakan ga bisa diberhentikan?
1/19/2026,Nickaniaa,"@martaketan @Nandy_Aprian @whistledownxx @yappingfess Urus bpjs Kl nggak mampu Bayar krn keadaan ekonomi kan bs pakai BPJS yg gratis Kak, aku org desa N di desaku banyak yg pakai BPJS PBI, di kota tempatku tinggal jg banyak yg pakai PBI. misalpun mentok gabisa urus bpjs, Masih mending bayar 15k dr pd urus anak sampai dewasa kan ya?"
1/20/2026,chordaetendies,@desinisme @papanberjalan pake bpjs apalagi kalo dapet pbi tuh 0 rupiah loh😭 yg penting jangan males aja ngurusnya😢
1/20/2026,yourfavners,"@MariaAlkaff_ Klo RS jarang sih yg main mark up, biasanya di hotel… kalo di RS biasanya “saya kenal pejabat X, sayamau VIP ya” (padahal dia bpjs PBI dan gak mau bayar)"
1/20/2026,ardi_tama1,"BPJS kesehatan tahun ini anggarannya 70 Trilyun, mayoritas buat biayain PBI"
1/20/2026,kupastuntasnew,"Pemprov Lampung Siapkan Rp 40,5 Miliar untuk 89.286 Peserta BPJS PBI Tahun 2026. https://t.co/ePKpXGZCfR"
1/20/2026,kupastuntasnew,"102 Ribu Warga Tanggamus Kehilangan BPJS PBI, Berobat Kini Terhambat. https://t.co/T371DmLY24"
1/22/2026,pipitcuit82,"@BPJSKesehatanRI halo min, posisi adek saya mau nya pindah dr PBI ke Mandiri (non penerima upah) - bukan sebaliknya, td sdh ke KC BPJS kok disuruh buat surat dan ke PEMDA utk mencabut bantuan. yg bener yg mana ya?"
1/23/2026,BPJSKesehatanRI,"@maulidanrac Salam. Bisa Sahabat. Jika yang dimaksud peralihan PBI aktif menjadi PBPU/Mandiri dapat melalui Kantor Cabang BPJS Kesehatan terdekat melampirkan materai, KK, KTP dan buku rekening tabungan/rekening koran 3 bulan terakhir (BNI, BCA, Mandiri, BRI, BSI atau BTN). Tks. :) -ayas"
1/23/2026,fathiyahfikri,"Peserta BPJS PBI APBD pada non aktif di akhir bulan, PBI APBN non aktif tidak ditanggung. Masyarakat miskin yg sakit jadi harus alih peserta ke PBPU alias yg bayar iuran secara mandiri. Malah potensi pada nunggak karna mau bayar buat alih peserta biar aktif soalnya lg dirawat"
1/23/2026,badut_yujiem,"BPJS kesehatan juga bayar mandiri, bukan PBI, walaupun bayar premi ngos-ngosan tiap bulan. Padahal kelas paling bawah. Gak jarang bisa nunggak sampe 3 bulan 🙂‍↔️ ""Untungnya"" kepake...karena sekarang rajal di 2 poli...dah masuk taun ke-3🗿"
1/23/2026,pikiran_rakyat,Sebanyak 596.442 warga miskin di Kabupaten Tasikmalaya mendadak kehilangan status kepesertaan BPJS Kesehatan segmen Penerima Bantuan Iuran (PBI). Penonaktifan massal ini terjadi dalam rentang Januari 2025 hingga 2026 dan berpotensi memutus akses layanan kesehatan bagi ratusan https://t.co/AIlh7okqZW
1/24/2026,grok,"@StaplerClanker @indra_syahran @dagonisme @KangManto123 Kalau miskin dan mau daftar BPJS gratis (PBI), pastikan masuk DTKS lewat Dinas Sosial daerahmu. Syarat: KK, KTP, SKTM dari RT/RW &amp; kelurahan. Daftar offline di kantor BPJS terdekat atau online via app JKN. Cek detail di situs https://t.co/I2yk0JTEds atau hub 165. Semoga membantu!"
1/25/2026,Pisanggoreng513,"@rektorunm @RodriChen Maksudnya, ""ini bpjs pbi ya, seharusnya bpjs mandiri"" atau ""Ini bpjs ya, harusnya pakai biaya mandiri"" Yg cocok situasinya yg mana ka?"
1/25/2026,sapimumbil,"@Pisanggoreng513 @rektorunm @RodriChen Bpjs pbi ataupun mandiri gada bedanya, cuma beda siapa yg bayar iuran aja."
1/25/2026,andriekaryadi,"kelas kamar rawat inap. Mulai dari antrian, dokter, obat, tindakan spt rontgen, MRI, cek lab, dll. Ini gak ngarang ya. Saya pemakai BPJS kelas I sejak tahun 2015, tiap bulan berobat bareng teman yg menggunakan BPJS kelas III sampai kemudian dia bisa dapet PBI di thn 2020. Ma~"
1/25/2026,andriekaryadi,"Kalian tau gak?  BPJS kls III itu iurannya 42 ribu, disubsidi pemerintah jadi 35 ribu. Kelas I @ 150 rb, kelas II @ 100 ribu. Lalu ada yg namanya PBI JK, Penerima Bantuan Iuran Jaminan Kesehatan alias gratis. Iurannya ditanggung oleh APBN dan APBD. Layanannya sama, kecuali ~"
1/25/2026,skipme_15,"@BPJSKesehatanRI @mieayamjaehyun Oo iya jika saya saat ini sudah sgt lama non aktif pbi dan ingin pindah ke mandiri k1, berapa bulan saya harus membayar iuran tagihan jika ingin bpjs bisa lsg digunakan tanpa masa tunggu 14 hari? Apakah tagihan mulai 0 atau bagaimana?"
1/26/2026,ydnkkkk,"@worksfess Bpjs jadi non aktif, kalo mau aktifin cepet ke mandiri, untuk PBI skrg banyak yg dicabut dari pemerintahnya nder"
1/26/2026,ludosido,"@worksfess Dr yg aku baca dr pengalaman org, ada yg otomatis balik kr BPJS gratis (PBI) seperti semula, ada yg jd non aktif. Dan kalo non aktif bisa minta aktifin lagi ke kantor bpjs/dinsos. Bisa ajuin yg PBI lagi atau mandiri. Tp kalo ajuin PBI lg ga menjamin pasti disetujui"
1/26/2026,ludosido,"@unhaengilcheol @worksfess BPJS itu ada PBI (gratis dr pemerintah), PPU (buat pekerja, yg daftarin perusahaan. Saat BPJS PPU didaftarkan oleh perusahaan dan aktif, otomatis BPJS PBI gratis dr pemerintah nonaktif). Ada BPJS PBPU, yg iuran mandiri, kita sendiri yg bayar iurannya tiap bulan."
1/26/2026,selamanyahappy,"@vianacatperson Kak kalo di daerahku itu suka ke kader atau ke desa, suka ada yg ngurusin, ntar tunggakannya ga perlu dibayar tp jadi bpjs pbi yg gratis, syaratnya tuh yg ga mampu, trs difotoin rumah, ruang tamu, kamar mandinya, kalo layak, ntar jadi bpjs pbi, tp ttp tunggakannya ada di jkn tp-"
1/26/2026,larougeby,"@worksfess aku sebelum kerja msk golongan PBI, setalah kerja jadi BPJS Ketenagakerjaan, sewaktu resign bpjs Ketenagakerjaan otomatis nonaktif tapi ga balik ke bpjs PBI, kalau mau aktifin lagi bisa ajukan ke Dinsos untuk PBI atau ubah segmen ke mandiri di Kantor BPJS."
1/26/2026,hihellomega,@worksfess biar bisa daftarin bpjs pbi buat ortu yg udah pensiun gimana ya?
1/27/2026,pikaaaaaaaaw,"@nisa_helena @liviethingy @worksfess Cukup susah ya, karna harus pake dan ngurus surat suratnya ke dinsos atau mana gitu, bikin surat keterangan tidak mampu. Dan pengajuan bpjs pbi lago"
1/27/2026,betteryousleep,"@worksfess kalo resign bpjsnya di non aktif in nder, bisa aktif lagi tapi ganti iuran mandiri dan ada tagihan dihitung mulai dari tanggal penonaktifan. kalo buat balik ke bpjs gratis (pbi) susah, kecuali kamu mau ngurus ke kantor desa/dinsos. setauku gitu sih cmiiw"
1/27/2026,Weni_Skin,"@worksfess Pengalaman aku waktu itu, abis resign BPJS aku jadi nonaktif. Terus aku minta aktifin lagi di kantornya. Pas di situ ditanya, mau bayar mandiri atau balik ke PBI (dibayarin pemerintah)? Ya udah aku minta yang PBI aja."
1/27/2026,Nona_Nofi,"@worksfess Pengalaman aku yg sebelumnya pbi di perusahaan dibayarin, setelah resign BPJS bayar sebulan biar tetap aktif, dibulan selanjutnya pas mau bayar ternyata udah balik ke pbi lagi."
1/27/2026,lagimetimeee,"@liviethingy @worksfess Kalo awalnya BPJS PBI habis itu ganti ke mandiri karena ikut perusahaan, nanti kalo resign susah kalo mau balik lagi ke PBI. Bisanya bayar mandiri."
1/27/2026,paynapel,@larougeby @worksfess Ka maaf cmiiw ya bukannya yg dari pemerintah itu bpjs kesehatan bukan bpjs tk. Kmrn ak sm HR diaktifin yg bpjs tk nya doang soalnya yg bpjs ks udh PBI
1/27/2026,arifin_cool22,"@BPJSKesehatanRI apabila kartu BPJS PBI APBD / APBN jarang di pakai karena sehat apakah statusnya bisa menjadi non aktif, terima kasih"
1/29/2026,BPJSKesehatanRI,"@nasirsei - PBI JK melalui Care Center 165, Layanan PANDAWA atau Dinas Sosial sesuai domisili; - PPU PNS melalui Layanan Care Center 165, Layanan Pandawa atau Satuan Kerja; - PBPU Mandiri melalui Layanan Care Center 165, Layanan Pandawa atau Kantor Cabang BPJS Kesehatan; (3/4)"
1/29/2026,MElLedjem,@lutfithe13th Lah kalo BPJS sih wajar. Iuran paling banyak 150rb perbulan. Mau cover semua penyakit dengan uang segitu ? Biaya konsultasi aja udah 150rb sendiri. Belum faktanya lebih banyak orang yg statusnya PBI alias ga bayar sama sekali. Yg harusnya bayar iuran pun berapa banyak yg nunggak ?
1/29/2026,ArdiB35451184,"@randomable_ Kalo ga sanggup bayar bpjs, kan bisa yg PBI.. jgn malas atau jgn jgn malu lagi ikut daftar PBI."
1/29/2026,BukanMa73006397,"@ArdiB35451184 @randomable_ Idih, ini pasti orang ga pernah susah, atau memang sudah dari bayi di susuin apbn. Bang, syarat mutlak daftar bpjs pbi itu nama lu harus masuk DATASEN, yaitu orang2 yg DIAKUI MISKIN oleh negara. Sedangkan untuk masuk DATASEN, kalau orangtua ga ada riwayat masuk itu juga.. next"
1/29/2026,irkhamdwi10,@ArdiB35451184 @randomable_ pbi ada syaratnya. jangan semua asal pbi. lu kalau miskin jangan ngajak ajak orang bpjs pbi. pbi hanya untuk orang yg bener bener miskin bukan orang pura pura miskin. gedeg aku sama orang yg ga bisa bayar 35rb/bulan hanya karna bpjs kelas 3. maunya yg kelas 2 atau 1.
1/29/2026,Pads18072624,@ArdiB35451184 @randomable_ Kalo saja semudah itu bang daftar PBI.. Wacana pemutihan BPJS aja ngga ada realisasinya ampe skrang
1/29/2026,depasito1455729,@ArdiB35451184 @randomable_ bacot loe njir. gw pbi. kerja di pindah ke bpjs karyawan. pbi gw udah non aktif. klau gw risen otomatis bpjs gw di non aktifkan kantor
1/29/2026,BayuAksara64491,"@ArdiB35451184 @randomable_ Aku aja yang lagi sakit dan membutuhkan BPJS pbi, udah nyerah ngarepin pbi. Gak segampang itu dapetin pbi, hanya keluarga RT yang dapat"
1/29/2026,jordikaryy,"@depasito1455729 @ArdiB35451184 @randomable_ Sama saya juga PBI awalnya bang, masuk alfamart jadi BPJS perusahaan yg tanggung, dan skrg syaa sudah resign. Gimana ya bang biar balik ke PBI lagi?"
1/30/2026,_Haris_Srg,"Sah, di Indonesia itu byk yg Mental Miskin. Gaya selangit, postingan dari cafe ke cafe, mobil ke mobil tapi hidup msh dgn PKH, PIP, KIP Kuliah dan BPJS PBI JKN, gas Melon, isi kendaraan Pertalite. Gak punya rasa malu pdhl mampu. Inilah mental bangsa yg sesungguhnya. Borosin APBN."
1/30/2026,BPJSKesehatanRI,"@EchAryanti a. PBPU Mandiri/PPU Swasta/PPU PNS/PPPK/PBI JK melalui Aplikasi Mobile JKN, layanan Pandawa, Kantor Cabang BPJS Kesehatan atau Mall Pelayanan Publik. b. PPU TNI/POLRI melalui Satuan Kerja atau Layanan Pandawa (2/4)"
1/30/2026,BayuAksara64491,"@xxxspy010203 @ArdiB35451184 @randomable_ Aku punya BPJS mandiri sewaktu sehat, terus sakit dan gak kuat bayar, mau pindah ke pbi katanya tunggakannya harus di lunasin dulu, aku juga udah kehabisan uang dan tenaga buat ngurusnya, jadi pasrah aja. Aku bukannya gak punya tunggakan ya, cuman berhenti bayar saja"
1/30/2026,myamygdala_93,@BayuAksara64491 @ArdiB35451184 @randomable_ Gada tunggakan sama sekali cuma kata nya untuk wilayah jabar waktu tahun kemarin gak bisa daftarin pbi karena ada hutang pemerintah jabar yg belum dibayar ke bpjs gitu
1/30/2026,BayuAksara64491,"@myamygdala_93 @ArdiB35451184 @randomable_ Waduh aku juga sama Jabar. Aku juga BPJS mandiri pengen pindah ke pbi, udah 8 tahun gak kuat bayar"
1/30/2026,Lagivaksin,"@Farisa_Dh @yaaelahmay @sosmedkeras Bukan apple to apple sih. Yang di omongkan mas yang jelek juga bener. Karena banyak pasien bpjs pbi memang gigi dan rahangnya gak bagus, selain dari keturunan karena tidak menjaga kesehatan mulut juga karena suplai gizi."
1/30/2026,utamanewscom,"Masih Ada Pekerja Jadi PBI Pemerintah, Pemprov Sumut Minta Perusahaan Patuh Daftarkan BPJS https://t.co/uhuphAMly2"
1/30/2026,IDNTimesSumut,"Miris, Banyak Perusahaan di Sumut Masih 'Numpang' BPJS PBI https://t.co/Xfx1G3FUMt"
2/1/2026,iskyuwoo_,"Dari 2024 emang udah kek gini sih. Aku pernah nganterin bapak kontrol ya, terus aku nggk ngecek bpjs PBI masih aktif atau nggk ternyata udah nggk aktif. Emosi dong aku udah jauh2 dari rumah ke RS malah nggk bisa"
2/1/2026,firdarizky11,"@MafiaWasit Akhir januari kmren priksain anak ke puskesmas, bingung kok ga bayar, aku kira puskesmas skrg emng gratis, ternyata kata org2 suruh cek BPJS, pas ku cek beneran anakku kedaftar PBI, gatau kok bs kedftar, karna seingat saya sejak lahir blm pernah dftarin."
2/1/2026,purnamayeni786,@hawrrukiiee @tanyakanrl Kalau BPJS mati cek dulu penyebabnya. Tunggakan iuran.Perubahan status PBI. Data Dukcapil bermasalah. Bukan asal tuding MBG
2/1/2026,JMkookie1301,"@tanyakanrl Bisa kak, suamiku BPJS ketenagakerjaan anakku jg masuk ke BPJS suami. Tp aku BPJS PBI sendiri. Adek iparku jg BPJS ketenagakerjaan, mertua PBI semua."
2/1/2026,Lagivaksin,@bbibuiby @mynameisdhea_ @thedarkphoenixz @afif_pu3 @mytmrsn @tanyakanrl Orang kayak gini mah bisanya nyalahin keadaan kak 😅. Udah biasa nanganin kayak gini. 35x5 menurutnya mahal padahal untuk konsul dr spesialis aja udah 200rb belum obatnya. Kalau ngandalkan bpjs pbi susah juga.
2/1/2026,duuaattiittiik,@ami_qonita @hawrrukiiee @tanyakanrl Apakah ini termasuk syarat wajib bagi golongan bpjs pbi?
2/1/2026,LailaMedia83514,"BPJS PBI banyak yg dinonaktifkan dan peserta mulai menyalahkan MBG. Aku sendiri BPJS mandiri yang udah ga bayar iuran hampir setahun, yang moneternya ketat bukan hanya pemerintah aja. Kalo kupikir era 2025 itu unpredictable banget gegara ekspektasi ga ketemu ama kenyataan."
2/1/2026,bobaxmilk,"@tanyakanrl Enggak selalu begitu, temenku ada yang bpjs dari perusahaan tapi keluarga yg lain aktif PBI. Untuk orang tua itu bisa ditanggung pekerja dengan tambahan potongan 1%/orang konfirmasi ke HRD. Kalau gk ikut bpjs kesehatan dr kantor, nanti kantor yg kena krn wajib daftarin pekerja"
2/1/2026,nanonchimon,"@tanyakanrl Loh? Nder bukannya kalo udh diatas 21 itu itungannya pisah KK ya??? Jadi ga dianggep tanggungan ortu lagi, harusnya ga ngaruh ke BPJS nya ortu Lo ga si??? Soalnya keluargaku PBI semua tapi kakakku umur 24 an dia kerja di perusahaan, dapet BPJS 2 2 nya tapi ga ngaruh ke aku tuh"
2/1/2026,povsayaa,"@miwamikomiyu @tanyakanrl Iya kak masih aktif bekerja dan status BPJS nya aktif di TK PU kok. Yg bingung tuh kok di JKN tiba2 semua keluarga ku tercatat namanya di BPJS PBI tp tp statusnya non aktif. (Bapaku statusnya peserta, ibuku istri, dan adek2ku statusnya anak)"
2/1/2026,anttieee_,"@gloodaysy @hawrrukiiee @tanyakanrl Tidak, bpjs itu juga ada yg dr apbn. Pengaturan pbi dibagi ke apbd krn jamkesda, dengan apbn itu asalnya jamkesmas. Data PBI apbd itu lebih baru dr PBI apbn. Kalau ga ada yg dr apbn, kemensos mah ga perlu kelojotan."
2/1/2026,andinovian,@tanyakanrl Perusahaan gak akan mau nanggung BPJS kesehatan garis keatas. Ortu mu gk akan ditanggung perusahaan. Cuma kamu aja nanti yg ikut BPJS kesehatan &amp; ketenagakerjaan penerima upah. Jadi keluarga mu tetap PBI
2/1/2026,misterfredikson,@itsaaletheia @MafiaWasit Ada beberapa syarat gaes kenapa BPJS PBI (dari pemerintah) salah satunya 3 bulan tidak dipakai dianggap non aktif.
2/1/2026,wabisabby,@tanyakanrl itu bpjs pbi kan? bisa aja dinonaktifkan dinsos karna emang ada masa waktunya
2/1/2026,stayrious,"@tanyakanrl Kak, kamu urus aja ke BPJS bilang mau mandiri sendiri gitu bisa. Dulu aku bisa dan aku bayar mandiri. Bapakku masih sapaf PBI"
2/1/2026,gadanamasi,@manmanchip @tanyakanrl ini km bpjs mandiri apa pbi kak
2/1/2026,mefenamatwati,"@tanyakanrl Ngga kok, kk w kerja dapet bpjs kes tapi sekeluarga ttp pbi"
2/1/2026,grok,"@Getitrights @siegggnita @tanyakanrl Ya, aman kok. BPJS Mandiri tetap aktif selama iuran rutin dibayar (misalnya via autodebet) tanpa tunggakan, meski jarang dipakai atau kamu kerja di luar negeri. Penonaktifan biasanya karena telat bayar atau perubahan status PBI. Cek status di app JKN atau situs BPJS ya!"
2/1/2026,grok,"@Getitrights @siegggnita @tanyakanrl PBI dalam BPJS Kesehatan adalah singkatan dari Penerima Bantuan Iuran. Ini program untuk masyarakat kurang mampu, di mana iuran dibayar pemerintah agar mereka mendapat jaminan kesehatan gratis. Cek statusmu di app BPJS atau situs resminya ya!"
2/1/2026,utibilities,@tanyakanrl Karena udah ada yg berkerja biasanya dianggap mampu akhirnya diputus bpjs pbi nya. Yaudah bayarin aja bpjs keluarga kamu der kelas 3 😭 berat sih tapi ya gimana yaa. Semoga rejekimu lancar terus. Aamiin
2/2/2026,EncepHanifAhmad,"@BenzemaFatih @tanyakanrl sementara ini di DKI semua penduduk bisa PBI (APBD), untuk prosedur pindah domisili BPJS (faskes) bisa ditanyakan di kelurahan domisili baru"
2/2/2026,cryptopixelin,"@tanyakanrl BPJS pbi nya yang dicabut, coba ke sini nder.. https://t.co/1chilgvZcW"
2/2/2026,ibalbabay,"@tanyakanrl Buat sendernya, kebetulan saya kerja di Faskes(puskesmas). Kasus BPJS PBI yang tiba2 nonaktif mmg setahun terakhir banyak terjadi. Saya juga gak tau pasti penyebab nya karena belum mendapatkan informasi resmi dari BPJS. Tapi semua pasien saya yang BPJS nya gk aktif paling banyak"
2/2/2026,kyoonghyunee,@Nuha37786934 @Tarmizi___ @tanyakanrl Kok kata siapa? Ya kata org BPJS nya. Kalo PBI gak dipake selama 3 bulan kemungkinan bakal non aktif. Mungkin punya km itu blm masuk ke aturan yg baru makanya masih bisa dipake.
2/2/2026,grok,"@yudha_garong @tanyakanrl Hai! Kelakuan politik emang sering bikin ramai, tapi yuk cek fakta: BPJS PBI nonaktif biasanya karena data DTKS diperbarui (SK Mensos), bukan terkait MBG. MBG fokus gizi anak, anggaran terpisah Rp335T di 2026. Kalau kartu nonaktif, langsung ke kantor BPJS atau app JKN buat"
2/2/2026,ddictwyinwar,@tanyakanrl bpjs kakak gue pake mandiri eh tb2 bgt berubah ke PBI itu knapa ya? ada yg ngalamin yg sama? mau byar dri kmrn2 gabisa trnyata udh brubah jdi PBI
2/2/2026,Bang_Zzzz,"@aadiramadhan2 @caaliicoo @tanyakanrl Kalo menurut sy otomatis, krn keanggotaan BPJS kan berbasis KK. KK yg cuma sendirian ini yg diajukan ke HRD kantor. Nah ketika di urus oleh kantor, kamu akan jd BPJS PPU (otomatis terputus dari BPJS PBI) tapi ortu tetap PBI. Jd kalo putus kerja, ortumu gak kena dampak.."
2/2/2026,lampungbase,"Geh! Tolong dong ini pbi bpjs sender non aktif, terus mau sender aktifin lagi tp jadi mandiri gimana caranya ya? Nanya di wa muter2 jawabannya"
2/2/2026,akhwat05747381,"@tanyakanrl Ga usah baper. Smua jg terdampak dinonaktifkan mau dipake apa gak BPJS nya krn lg pemutakhiran data spy yg pake beneran tepat sasaran(baca GAMAMPU dgn kriteria desil),kmrn kan artis Sandra Dewi&amp;org2 mampu ikut terdaftar namanya di BPJS PBI.Tinggal reaktivasi ke RT RW camat dinkes"
2/2/2026,anfaridaaa,"@SeputarTetangga @dakici_ Punyaku juga satu KK tapi diriku jd PBI sendiri min. Tahun lalu karena tempat kerja suami yg baru gada bpjs kes-nya, aku aktifin mandiri kelas 3, eh punyaku sendiri tiba-tiba jadi PBI. Dan ini sekarang nonaktif. Ini aku pindah kelas jadi mandiri gitu otomatis aktif lagi kan ya?"
2/2/2026,elizeminrin,"Dari kemarin lewat yg kayak gini. Nih ya kalau yg BPJS nya PBI yg artinya dibiayai negara, tiba2 tidak aktif dan memang TDK mampu buat pindah ke BPJS mandiri, silahkan diurus ke kantor BPJS nya, mungkin nanti diarahkan ke dinas sosial juga, atau ke dinsos langsung. Karena data"
2/2/2026,KSOOjagi,Bpjs gue harusnya mandiri tiap bulan juga masih auto debet tapi pas di cek JKN kok tiba-tiba PBI ya?
2/2/2026,hali_mah99,"@singalautt__ @tanyakanrl Aku tetep gak ngaruh kak, 3 Minggu yg lalu aku padahal ada tindakan operasi dan tiap minggunya masih kontrol BPJS PBI nya ttep di nonaktifkan"
2/2/2026,galyaxyzff,"@jogja_base yang jelas nder, bpjs mandiri apa pbi. kalo pbi emg harus rutin dipakai buar terdata aktif. mending mandiri klo mau jangka panjang"
2/2/2026,khunaath,"@SeputarTetangga Punya ibu bapakku waktu pas kemarin dicek ga aktif, tp skrg aktif lagi yg pbi. Itu gmana ya ceritanya?😭 Kemarin jga pas bapak sakit, jadinya ga pake bpjs"
2/2/2026,lestarizetzet,"@tanyakanrl Aku dulu nder, bpjsnya terhubung di nomor. Lupa caranya, jadi waktu pbi di non aktifkan, langsung dihubungi sama pihak bpjs pakai pesan whatsapp, kalau sudah non aktif. Setelah itu langsung, aku aktifkan lewat kantor suami. Lebih baik, yg belum punya aplikasi sgr cek lwat situ."
2/2/2026,W___widyaa,"@_mariared_ @Slixe_13 @tanyakanrl Utk yg BPJS PBI (yg ditanggung PemDa), salah satu persyaratannya harus tetap digunakan min. 1 tahun sekali. Karna tujuan adanya kategori PBI adalah membantu warga yg kurang mampu. Kalau tdk digunakan, akan dianggap sbg salah sasaran. Makanya dinon-aktifkan kalau sudah 1 tahun."
2/2/2026,UkhtyNyL,"@tanyakanrl Aku, ibuku, adeku dulu PBI. Terus akhirnya aku dapat kerja dimana ada fasilitas bpjs kesehatan dan ketenagakerjaan. Punyaku langsung dialihkan otomatis sm kantor ikut perusahaan, tp punya ibuku dan adeku masih di PBI kok sampai sekrng."
2/2/2026,eupathetica,"@tanyakanrl aku ga paham soal bpjs pbi ini karna aku bpjs ppu, coba kamu tanya ke bpjs or kelurahan nder gimana mau aktifin lagi"
2/2/2026,lunarriell,"@pruinky Bantu jawab kalau di tempatku bpjs yg pbi bisa ke dinkes nder buat ngurusnya, coba kamu cari tau di daerahmu kemana apa ke dinkes juga atau ke dinsos"
2/3/2026,ibalbabay,"Dari kemarin rame bgt soal kartu BPJS PBI yang tiba2 non-aktif. Ada yg karena jarang dipakai, ada yg keanggotaan dibatalkan. Kalau BPJS kamu non aktif, segera aktifkan. Kalau memang nggak masuk lagi PBI, upgrade aj ke umum, insya Allah gk rugi. Ini bukan promosi. Ini soal"
2/3/2026,frs86_,Pantas orang2 pada komplain BPJS nya yg ditanggung pemerintah (PBI) tiba2 bnyak yg mendadak di non aktifkan. Bajingan!
2/3/2026,SKY1836338,"@TLD_Survive Coba memisahkan dari KK, Soalnya JKN itu 1 KK bisa ditampilkan semua, punyaku pas ganti ke BPJS Mandiri langsung gak ada status BPJS punya keluargaku di mobile JKN, karena mereka masih PBI"
2/3/2026,Cosmicdustie,@erickwildannu @jogja_base Sekarang ada undang2 baru yg menyulitkan pasien BPJS PBI mau berobat -_- Dan rata2 pasien PBI yg ke IGD kaget pas tahu udah ngga aktif. Kenapa seolah2 dipangkas dananya? Ya gara2 efisiensi buat nutupin biaya MBG
2/3/2026,japovta,@shutupfakup @jogja_base udah jelas anggaran kesehatan itu sebagian dialihkan ke MBG. selain kesehatan juga ada anggaran pendidikan yang diambil. BPJS PBI ga cuma dinonaktifkan tapi bakal ada pembatasan kuota untuk diaktifkan kembali.
2/3/2026,txtdhea,@gloodaysy @jogja_base BPJS yang dibayarkan pemerintah ada 2. BPJS segmen PBI JK pake anggaran APBN dan segmen PBPU BP Pemda pake anggaran APBD
2/3/2026,noturpercy_,"kasian temen ku yg PBI mau kontrol ga bisa karna tiba"" ga aktif BPJS nya"
2/3/2026,weyowpbro,"@mnsyhar @erickwildannu @jogja_base biasakan pahami dulu, bpjs ada mandiri &amp; pbi. asbun bener. biat apa juga mandiri dinonaktifkan?"
2/3/2026,dramaticpaw,"Like bilang aja loh kalo uda dilepas status pbi-nya. ini mah kudu ke kantor bpjs dulu. Kalo mau tetep pbi kudu minta surat dari desa, kalo mau alih ke mandiri kudu nutup tunggakan yg sbnrnya kita ga pernah tahu"
2/3/2026,wawawowowiwi,"@tanyakanrl Aku juga ga punya bpjs kak. Buat makan aja pas2an. Udah pernah minta rekomendasi bpjs pbi ke kantor desa malah diketawain. Kalo aku sakit yaa ditahan aja atau diobati semampunya, pokoknya jangan sampek ke puskesmas apalagi RS. Kasian keluarga yg pasti keberatan soal biaya."
2/3/2026,ciio002,"@shutupfakup @jogja_base Kak ini harus ada pernyataan resmi darj BPJSnya sih, aku PBI tiba2 nonaktif dan pas ke kantor BPJS disuruh coba ke dinsos, pas ke dinsos katanya kena pemangkasan kuota dan disuruh nunggu ada kuota lagi(?) Padahal aku lgi pengobatan"
2/3/2026,myngiiiaka__,@yourbestvibez @ibalbabay @cloeyueu @tanyakanrl Bpjs pbi emg bayar? Kayaknya engga deh kak. Kalau kamu mandiri mah mau ga berobat brp lama ttp aktif kayaknya
2/3/2026,triiwidi,@NgkongRoses Terkadang saya bingung sama pemerintah. Bisa bisa nya mbg jadi prioritas. Sedangkan kesehatan masyarakat di kesampingkan lihat berita banyak bpjs pbi yg di nonaktifkan.
2/3/2026,aldreevv,nambah pengeluaran baru kayaknya BPJS PBI serentak di nonaktifin
2/3/2026,mungatipawitane,"Gw perhatiin ga ada cara buat aktifkan lg bpjs PBI, di pandawa t alih ke mandiri, pdhl menunya reaktivasi. Bansos (trmsk BPJS Pbi) di indo lucu, yg punya rumah (artinya tanah ada) pny sawah &amp; kendaraan : bs dapat PKH dll. Yg cm punya gaji UMR mlh ga dpt, pdhl belum ada rumah"
2/3/2026,MsMujizati,"@galyaxyzff @tanyakanrl Sskarang bpjs pbi tapi hp dan gaya hidupnya astagfirullah, apa gak mau ya mereka. Bagus si ada kaya gini biar kelihatan yg bener2 butuh"
2/3/2026,MsMujizati,"@ibalbabay @tanyakanrl Skrining bpjs di aplikasi jkn bukan cuma buat pbi aja ka, kita yg bpjs mandiri juga wajib biar kebaca masih aktif atau gak"
2/3/2026,Ginacaricinta,"@jogja_base Brita hoax apalagi ini ya Ampun 😭 lu kalo udah miskin butuh BPJS PBI udah tau dinonaktifkan jangan males diem aja, laporan ke BPJS bikin SKTM ke kelurahan atau desa ajukan kembali, karena ini sistemnya selalu update persekian taun biar penerima manfaat tepat dan merata"
2/3/2026,yandhyst,"@jogja_base Apaan asal posting gini, MBG itu dari APBN sedangkan BPJS PBI itu dari APBD🙄 MBG penting buat anak2 gizinya tercukupi, setidaknya buat yg gk makan d rumah bs makan brg temen2nya.. gue yg dulu jajan cm 2rb dan 5rb liatnya seneng bgt anak2 skrg bs makan sama2"
2/4/2026,MengHoAdmiral,@eskepalmilosatu dah sejak 2014 bpjs kalo nyabut kelas pbi ga pernah bilang. tau2 dah ga aktif saja waktu urgen mu dipake. skrg sadar diri kalo pbi musti sering cek akunnya aktif pa ga. ato ganti mandiri sekalian biar ga ribet ngurus2nya
2/4/2026,AnggelaTijam,"Info penting buat yang kena dampak: kalau BPJS PBI tiba-tiba nonaktif, segera lapor ke Dinas Sosial atau faskes terdekat. Proses aktivasi ulang bisa dilakukan kalau memang memenuhi syarat verifikasi. Jangan panik dulu, ini masalah pemutakhiran data, bukan penghapusan layanan"
2/4/2026,AnggelaTijam,"@WagimanDeep212_ Penonaktifan BPJS PBI ini bukan pencabutan sepihak, tapi proses verifikasi data berkala dari Kemensos agar tepat sasaran. Bagi pasien kronis yg terdampak statusnya bisa diaktifkan kembali lewat Dinas Sosial setempat. Jadi bukan berhenti permanen tapi perlu urus administrasi ulang"
2/4/2026,grok,"@TaniaTngm20215 @kompascom BPJS PBI (Penerima Bantuan Iuran) adalah program BPJS Kesehatan untuk masyarakat kurang mampu. Iurannya ditanggung penuh oleh pemerintah, sehingga peserta mendapat layanan kesehatan gratis, seperti pengobatan, rawat inap, dan terapi. Syarat: terdaftar sebagai fakir miskin"
2/4/2026,TaniaTngm20215,@kompascom Apa itu BPJS PBI @grok Tolong uraikan dengan singkat padat dan jelas
2/4/2026,pawithmarie,"@SeputarTetangga Ada, tetanggaku gitu. Yang pertama satu KK tapi yang berubah PBI cuma BPJS ibu, baru bulan berikutnya BPJS Bapak. Yang kedua, habis nunggak lama, dilunasin, dua bulan dibayar rutin, kemudian berubah jadi PBI. Yang ketiga baru berubah Februari ini. Semua udah lansia."
2/4/2026,ShiranuiiRyuu,"@SeputarTetangga saya min, udah make BPJS PU tapi dari RT saya malah dapet PBI, pas nanya ke HR yg aktif BPJS PU, tapi untuk keluarga gue yg lain emang mereka pake PBI"
2/4/2026,bttrsktch,BPJS PBI banyak yg nonaktif tiba-tiba
2/4/2026,SJegek69344,"@JenaSenja @nggabp @AkuiniAku12 @kompascom ih jadi kepikiran aku bntr lagi lahiran, mana bpjs ku PBI 😭💔 yaallah tolong aku panik sepanik paniknya.plisss"
2/4/2026,doihachiro31,@txtfrombook BPJS PBI non aktif
2/4/2026,grok,"@AmateurDraw2 @eskepalmilosatu Menurut BPJS Kesehatan, penonaktifan PBI JK berdasarkan SK Mensos No. 3/HUK/2026 karena data peserta tak valid di DTKS (misalnya sudah mampu bayar mandiri, pindah, atau meninggal). Sekitar 7,3 juta terdampak, tapi bisa diaktifkan lagi via update data. Tak ada kaitan resmi dengan"
2/4/2026,AmateurDraw2,@eskepalmilosatu Wah parah... Demi janji kampanye dan kesejahteraan kroni2nya. dampak udah buruk pung pantang mundur..@grok kenapa BPJS PBI dicabut?
2/4/2026,wonykkura,@eskepalmilosatu Sedih tau tiba tiba bpjs pbi ini dicabut buat rakyat kecil kadang berobat di puskesmas yang perlu di rujuk aja bingung kalo dah gawat gitu 😶 kudu pieee
2/4/2026,JR_Independents,"@anwar_maul @DudyRudianto @eskepalmilosatu Iya Pak, fenomena MBG ini multiple effect. Paling mengena adlh sektor Pendidikan&amp;Kesehatan. Sekolah rusak tak kunjung diperbaiki, salary guru tdk layak, kuota KIP berkurang. PMT balita lansia berkurang, insentif kader kesehatan dipangkas, kuota BPJS PBI banyak dinonaktifkan😶"
2/4/2026,JR_Independents,@drakordose @tilehopper Fenomena penonaktifan/ cleansing BPJS PBI bertahap mulai dari 2024-2025. Mula² penonaktifan bagi peserta yg lebih dari 1tahun tdk pernah menggunakanBpjs/berobat. Diprioritaskan peserta sakit kronis/rutin kontrol faskes1/RS. (krn apa? y anggaran berkurang) 2026 semakin dipangkas😔
2/4/2026,SoccMedico,"Dana BPJS PBI APBN itu sumber dananya dari Kemensos dan Kemenkeu bukan Kemenkes jadi bila ada BPJS PBI APBN tidak tertanggung atau tidak aktif atau nonaktif jadi konfirmasinya ke Kemensos dan Kemenkeu ya, jangan salah alamat mungkin data Ket Tidak Mampu blm diupdate"
2/4/2026,JR_Independents,"@DudyRudianto @eskepalmilosatu BPJS PBI sebagian pakai dana Kemensos (Data Terpadu Kesejahteraan Sosial) dan sebagian PBI via dana APBD. Karena mayoritas anggaran disedot MBG, otomatis dana Kemensos berkurang &amp; dana transfer Pusat ke Daerah juga berkurang. Mengakibatkan kuota KIS PBI banyak yg dinonaktifkan"
2/4/2026,teaxbee,ini BPJS ku dari PBI malah jadi PBPU dan BP Pemda
2/4/2026,tricia3ca,"masa atlet ngga dikasih BPJS gratis yang dibiayai pemerintah, tapi keluarga 271T malah dapet PBI dari 2018 sampai 2024."
2/5/2026,Beritasatu,Badan Penyelenggara Jaminan Sosial (BPJS) Kesehatan memberikan penjelasan terkait keluhan puluhan pasien yang tidak dapat menjalani cuci darah akibat penonaktifan kepesertaan program Jaminan Kesehatan Nasional (JKN) segmen Penerima Bantuan Iuran (PBI) tanpa pemberitahuan https://t.co/5tClwWzt5E
2/5/2026,MurtadhaOne1,"Rezim Prabowo memang tak punya empati🤬 Ratusan ribu pasien gagal ginjal tak bisa cuci darah akibat BPJS PBI di seluruh Indonesia, mendadak di-non-aktif-kan tanpa pemberitahuan https://t.co/QMLuBWXshs"
2/5/2026,Resetmylfe,"Okee, baru cek dan ternyata bpjs pbi w nonaktif, kampret kampret."
2/5/2026,moanaohanaaa,"Ditengah banyaknya berita BPJS PBI dinonaktifkan, aku berterimakasih pada diriku sendiri, karena wkt ini keras kepala banget suruh ninikku utk pindah BPJS ke mandiri🙃 syukurnya beliau nurut, ga kebayang udh tua tiba2 (amit2) perlu perawatan yg pake BPJS harus bayar Umum.."
2/5/2026,tvOneNews,Penonaktifan kepesertaan Penerima Bantuan Iuran (PBI) BPJS Kesehatan dinilai berisiko memutus layanan kesehatan bagi pasien penyakit kronis. Simak selengkapnya di https://t.co/DBh6QwZknq #HardNews_Kebijakan #CariBeritaditvOne #NewsOne #PBI #BPJS #PenyakitKronis #NO01 https://t.co/SyDI7CW3hV
2/5/2026,MariaAlkaff_,Astaghfirullah…. 😱😱 Ini soal hidup dan mati. Ratusan Pasien Gagal Ginjal Tidak Bisa Cuci Darah Akibat BPJS PBI Tiba-tiba Dinonaktifkan. Komunitas Pasien Cuci Darah Indonesia (KPCDI) menerima ratusan aduan dari pasien gagal ginjal di berbagai daerah yang tiba-tiba https://t.co/NnXGOPDIGE
2/5/2026,Bintu__Baba,"Inna lillahi… 😭😭 Ini sih namanya memutus harapan hidup orang. BPJS PBI diputus mendadak tanpa pemberitahuan, membuat ratusan pasien baru mengetahui status nonaktif saat tiba di rumah sakit. Layanan dihentikan lebih dulu, sementara pasien diminta mengurus pembaruan data https://t.co/NbSsXw6OUT"
2/5/2026,tijabar,"Ramai PBI JK Mendadak Nonaktif, Komisi IX DPR Akan Panggil Menkes-BPJS Coba di cek deh BPJS masih aktif apa nggak... jangan sampai pas dadakan harus berobat ternyata tidak aktif. 🌐 https://t.co/JBdvFWLpz3 https://t.co/eUVTOdMBxl"
2/5/2026,akuratco,"⚠️Banyak pasien peserta BPJS PBI terlunta-lunta, BPJS Kesehatan harus segera bikin sistem darurat aktivasi ulang⚠️ Wakil Ketua Komisi IX DPR RI Charles Honoris meminta BPJS Kesehatan segera menyiapkan mekanisme darurat untuk aktivasi ulang kepesertaan Jaminan Kesehatan https://t.co/I25oeNHL30"
2/5/2026,KompasTV,"Anggota DPR Kritik Penonaktifan BPJS Kesehatan PBI JK Secara Tiba-Tiba, Desak Kemensos Evaluasi https://t.co/ejItvTBIna"
2/5/2026,dosenkesmas,"BPJS bikin video isinya: - Ke""kacauan"" ini bukan salah mereka - Terkesan menyalahkan ""Kementerian Sosial"" - Tips mengaktivasi kembali 1. Pastikan masuk dalam penerima PBI bulan sebelumnya 2. Masuk kategori miskin atau rentan miskin 3. Butuh emergency 4. Lapor Dinas Sosial https://t.co/FprS6NCb5R"
2/5/2026,detikkalimantan,"Ramai BPJS PBI Nonaktif, Simak 4 Jenis Kepesertaan BPJS Kesehataan https://t.co/BvOxf1DBRi"
2/5/2026,SINDOnews,Kementerian Kesehatan (Kemenkes) menanggapi para pasien cuci darah yang kini tak bisa berobat menggunakan layananan BPJS. Hal ini lantaran kepesertaan Penerima Bantuan Iuran Jaminan Kesehatan (PBI JK) mereka mendadak nonaktif. Menteri Kesehatan Budi Gunadi Sadikin mengatakan https://t.co/5GCtoddNbN
2/5/2026,RadioElshinta,"Mensos Tegaskan RS Wajib Layani Pasien BPJS PBI. Menteri Sosial Saifullah Yusuf atau Gus Ipul menegaskan rumah sakit dan fasilitas kesehatan tidak diperbolehkan menolak pelayanan terhadap pasien BPJS Kesehatan segmen Penerima Bantuan Iuran Jaminan Kesehatan (PBI-JK), termasuk https://t.co/Nem4DWTfFg"
2/5/2026,KompasTV,Cara Mengaktifkan Kembali BPJS PBI JK yang Dinonaktifkan Beserta Syaratnya https://t.co/RzzoGeFI5h
2/5/2026,RadioElshinta,"Belakangan ini beredar kabar, peserta BPJS PBI tidak dapat mengakses layanan kesehatan, karena status PBI-nya non aktif. Sementara beberapa waktu pemerintah melalui kementerian sosial terus melakukan perbaikan/pemutakhiran Data Tunggal Sosial Ekonomi Nasional (DTSEN), dengan https://t.co/ibjngGXh0E"
2/5/2026,RadioElshinta,"Ramainya keluhan soal penonaktifan kepesertaan PBI BPJS Kesehatan mendapat sorotan publik. BPJS Kesehatan menegaskan kebijakan itu merupakan pemutakhiran data penerima bantuan sesuai SK Menteri Sosial Nomor 3/HUK/2026 yang berlaku sejak 1 Februari 2026, dengan peluang reaktivasi https://t.co/Wcpn8tIZ0R"
2/5/2026,daynswiftly,"Gue sedih bgt ih yg bpjs pbi dicabut itu........ Sebagai orang yg harus kontrol tiap bulannya, paham bgt rasa sedihnya tbtb ga bisa berobat😭😭😭😭😭 kek.... Apalagi kl krusial macem cuci darah..... Itu pemerintah mikir ke arah sana gak sih?????"
2/5/2026,whenscarves,"Man, menurut gue evil banget sih tiba2 bpjs pbi dinonaktifkan Kebayang ga orang yang harus nebus obat untuk hidup udah jauh2 terus tertolak Anak-anak yang perlu diterapi Orangtua yang sudah nunggu antrian Pure evil"
2/5/2026,theogidn,"Akses cuci darah ratusan pasien terhenti mendadak akibat penonaktifan BPJS PBI secara sepihak. KPCDI mengecam keras hal ini. ""Bagi pasien cuci darah, ini bukan sekadar urusan administrasi; ini soal hidup dan mati,"" tegas Ketum KPCDI, Tony Richard Samosir. Kemensos menjelaskan https://t.co/4Wofl8s8R1"
2/5/2026,IDNTimes,KPCDI Kecam Akses BPJS PBI Pasien Cuci Darah Dicabut Mendadak https://t.co/WNZVyGJKxg
2/5/2026,IDNTimes,Menkes Buka Suara soal 11 Juta PBI BPJS Kesehatan Mendadak Dimatikan https://t.co/bVguBwklTU
2/5/2026,natyapi,"Ohhhhhhhh ini counter buzzernya, dari kemaren baru liattt sejak huru hara bpjs pbi pada non aktif. Sekali lagi, kita gatau dia hanya menulis fiksi atau bukan yaaaak wkwkwkwkwk"
2/5/2026,Dennaaja_,Di tiktok sama ig lagi rame bpjs pbi ribuan orang dicabut. Duit negaranya abis kali dipake buat MBG sama daftar ikut kelompok pendukung zionis trump board of piece
2/5/2026,kompascom,"""Ya mestinya disanksi oleh BPJS dong, ini berarti kan rumah sakitnya bermasalah, rumah sakitnya yang harus ditutup,"" kata Gus Ipul saat ditemui di Kantor Kemensos, Jakarta Pusat, Kamis (5/2/2026). Baca selengkapnya: https://t.co/3C273jMj8D. ~SN #Kemensos #BPJSkesehatan https://t.co/xXDYHFOdeT"
2/5/2026,alisyarief,BPJS Kesehatan: Ini 3 Kriteria Peserta PBI yang Masih Bisa Aktifkan Lagi Kepesertaannya https://t.co/olavqf079L
2/5/2026,kompascom,"BPJS PBI Indah nonaktif mendadak, muncul tunggakan Rp 1,9 juta. Ia melunasi tunggakan agar kembali ke BPJS mandiri dan berobat. Indah memilih BPJS kelas 3 Rp 35.000 per bulan agar berobat tak tertunda. Baca selengkapnya: https://t.co/ciABG23GiY ~RK #BPJS #PBI #Depok https://t.co/lWjUGB0y6M"
2/5/2026,kompascom,Gus Ipul Sebut RS yang Tolak Pasien BPJS Kesehatan PBI: Harus Ditutup! https://t.co/3C273jMj8D ~TR #BPJSPBI
2/5/2026,KompasTV,Cara Cek Kepesertaan BPJS Kesehatan untuk Tahu Status PBI JK Aktif atau Tidak https://t.co/b4nBNlCyss
2/5/2026,mediaindonesia,"WAKIL Ketua Komisi IX DPR RI, Charles Honoris, mendesak BPJS Kesehatan untuk segera merancang mekanisme darurat bagi aktivasi ulang kepesertaan Jaminan Kesehatan Nasional (JKN) segmen Penerima Bantuan Iuran (PBI). https://t.co/vfBWn6cP9d"
2/5/2026,RichHealthyFun,"Pemerintahmu emang pengen kamu bodoh (sekolah gratis bukan prioritas, ukt mahal), sakit-sakitan (bpjs pbi dinonaktifkan tanpa mitigasi jelas) biar kamu cuma mikir yg penting kenyang (mbg meski kiamat) supaya kamu ga kepikiran ada yg salah sama negara ini + bisa disuap pas pemilu"
2/5/2026,kompascom,Anggota DPR Sebut Penonaktifan BPJS PBI karena Perubahan Kondisi Ekonomi ~AA Baca di sini: https://t.co/tJ2QOIXDXX
2/5/2026,mediaindonesia,"KOORDINATOR Advokasi BPJS Watch, Timboel Siregar, menilai penonaktifan peserta PBI JKN dan PBPU dilakukan tanpa ukuran yang jelas dan berpotensi mengorbankan warga miskin https://t.co/tae8LzvxGd"
2/5/2026,RichHealthyFun,"Di titik BPJS PBI dinon-aktifkan tanpa pengumuman dan mitigasi yang jelas, kalau ada yg nyukur2no atau maki2 pemilih 02 dan influencer 02 gue bisa paham banget 🙏"
2/5/2026,kompascom,Menkes Budi Gunadi Sadikin menanggapi BPJS PBI yang mendadak nonaktif. Kemenkes berkomunikasi dengan BPJS soal perubahan data peserta dari Kemensos. Pertemuan lintas kementerian disiapkan untuk mencari solusi. Baca selengkapnya: https://t.co/UGs0Zritqv ~RK #Menkes #BPJS #PBI https://t.co/Kh5OweZHG9
2/5/2026,kompascom,Begini Cara Reaktivasi BPJS Kesehatan PBI yang Dinonaktifkan ~SN Klik untuk baca: https://t.co/siGQhxyfNh
2/5/2026,IDNTimes,Anggota DPR: Penonaktifan PBI BPJS Jangan Putus Layanan Pasien Kronis https://t.co/kSAQ8QhD31
2/5/2026,harapanrakyat_,Gus Ipul Ancam Tutup Rumah Sakit yang Berani Tolak Pasien BPJS PBI Nonaktif https://t.co/ftdZe5Rsio
2/5/2026,Gi_N0ng,Saat ini puluhan pasien gagal ginjal kehilangan akses pengobatan karena status kepesertaan BPJS PBI mereka tiba-tiba nonaktif tanpa pemberitahuan.. Dimana negara saat kondisi darurat kesehatan bagi kalangan tidak mampu itu terjadi saat ini? https://t.co/e4pbalKJyN
2/5/2026,detikHealth,"Viral Peserta PBI Nonaktif Disebut gegara Anggaran Pindah ke MBG, BPJS Bilang Gini https://t.co/9XF5eKGW6g"
2/5/2026,Otto_0967,Bagi kalian yang sedang sakit dan harus cuci darah sementara dicuci dulu pakai sabun detergen dulu sebab anggaran kesehatan mau dialihkan ke dapur MBG...!! Harap maklum para peserta BPJS PBI.. . Titip Hari kanker sedunia Perang dunia lll Semoga HMI https://t.co/MeoOa9KxGk
2/5/2026,kompascom,Sejumlah wilayah di Jawa Barat salah satunya Depok dan Bekasi ramai diperbincakan soal status Penerima Bantuan Iuran (PBI) BPJS Kesehatan yang dinonaktifkan mendadak. Baca di sini: https://t.co/aaJdoxKAFA ~AA #BPJS #PBI #JawaBarat https://t.co/YBXVUmCCWm
2/5/2026,kompascom,Anggota DPR Kritik BPJS Nonaktifkan PBI: Orang Sakit Jadi Korban ~AA Baca di sini: https://t.co/0NQqSo89fq
2/5/2026,BPJSKesehatanRI,@rolando08588479 Salam Sehat Sahabat. Penentu keaktifan PBPU dan BP PEMDA/ PBI JK sesuai dengan kebijakan Dinas Sosial berdasarkan perjanjian kerja sama Pemerintah Daerah dengan BPJS Kesehatan serta DTSEN (Data Tunggal Sosial Ekonomi Nasional). Terima kasih. :) -riko
2/5/2026,ntoneztu,"Lagi rame peserta BPJS PBI dinonaktifkan, semalem pak RT share seperti ini.. Rakyat sudah susah, dibikin repot lg sama pemerintahnya https://t.co/TLigRpBQm9"
2/5/2026,kompascom,Anggota DPR Sebut Penonaktifan BPJS PBI karena Perubahan Kondisi Ekonomi ~WR Klik untuk baca: https://t.co/tJ2QOIXDXX
2/5/2026,harapanrakyat_,"Ribuan Peserta BPJS PBI di Kota Banjar Dinonaktifkan, Tak Bisa Akses Layanan Kesehatan? https://t.co/0GPBn1vhYb"
2/5/2026,spicytunamayo_,"Serem banget BPJS PBI banyak yg dinonaktifkan. Aku pake BPJS PBI lagi tiga tahun ini, untuk ke psikiater."
2/5/2026,KompasTV,Komisi IX DPR Desak BPJS Segera Buat Mekanisme Darurat Aktivasi Ulang Kepesertaan JKN PBI https://t.co/vTzlYl5qVG
2/5/2026,mootstiara,Soal bpjs pbi nonaktif tuh dari bpjs sebelumnya diem aja gaada ngasih notice sebelumnya ya? Kalo iya jahat banget sih.
2/5/2026,detikHealth,"Kata Menkes soal 160 Pasien Cuci Darah Tak Bisa Berobat, PBI BPJS Tetiba Non-aktif https://t.co/wMRCpVtfok"
2/5/2026,energijuangnews,"Peserta BPJS PBI Nonaktif, DPR Panggil Menkes-BPJS https://t.co/vBMPqQQ7br"
2/5/2026,Harian_Jogja,"30.489 Peserta PBI BPJS di Bantul Dinonaktifkan, Ini Penjelasannya https://t.co/XU6GWwQ3Hy https://t.co/pwkDLsvUOh"
2/5/2026,kompascom,"""... telah dilakukan penyesuaian di mana sejumlah peserta PBI JK yang dinonaktifkan, digantikan dengan peserta baru. Pembaruan data PBI JK dilakukan secara berkala oleh Kementerian Sosial supaya data peserta PBI JK tepat sasaran,” kata Kepala Humas BPJS Kesehatan, Rizzky https://t.co/f0GAshzF3t"
2/5/2026,Byaku_RENN,"Btw bukan pembela anu, tapi emang BPJS PBI ini mesti ada seleksi, soalnya banyak yg ga tepat sasaran. Sama kaya bansos. Memang harus dikaji ulang."
2/5/2026,Rangga81591832,"@kenhans03 Dana Pendidikan di tarik buat MBG, Dana Kesehatan juga sama...BPJS PBI dihapus... https://t.co/0WRRjEYak5"
2/5/2026,akusiapaaa9468,Sedih banget bacain berita BPJS PBI jadi non aktif. Nyusahin masyarakat yang udah susah beneran 😢
2/5/2026,kompascom,"Status BPJS PBI yang mendadak nonaktif sejak awal Februari membuat banyak pasien kronis panik karena pengobatan mereka tak bisa ditunda. Lala, pasien gagal ginjal, menjadi salah satu yang terdampak ketika jadwal cuci darahnya terancam batal setelah kartunya tiba-tiba mati. https://t.co/iHG8a0mpmY"
2/5/2026,mediaindonesia,SEKJEN Yayasan Lembaga Konsumen Indonesia (YLKI) Rio Priambodo menilai penonaktifan kepesertaan Penerima Bantuan Iuran (PBI) BPJS Kesehatan harus diinformasikan juga ke peserta agar menjaga hak atas informasi peserta BPJS Kesehatan. https://t.co/RDzFi5EXMk
2/5/2026,Dara_Cega,Komunitas Pasien Cuci Darah Indonesia (KPCDI) menyatakan bahwa terdapat ratusan aduan dari pasien gagal ginjal yang kehilangan akses berobat setelah layanan BPJS Kesehatan Penerima Bantuan Iuran (PBI) dicabut sejak Senin (2/2). Tony Samosir selaku ketua umum KPCDI menyampaikan https://t.co/qwNAo27sA1
2/5/2026,aseliayu,"Ironi sekali negri ini. Uang negara 1,2T perhari dialokasikan ke Makan Bergizi Gratis, yg faktanya isinya gak bergizi bergizi banget. Dan gak tepat sasaran. Sedangkan BPJS PBI yang di tanggung APBN banyak yang di non aktifkan, padahal mereka banyak yang benar benar membutuhkan. -"
2/5/2026,ajiiiikk,"Tolonglah Pemerintah udah perlakuan ke peserta BPJS PBI berbeda, status peserta malah dinonaktifkan tanpa pemberitahuan"
2/5/2026,bluukatsh,"mksd nya BPJS PBI itu gratis kah ?? ga bayar ?? Kok gue tiap bulan bayar 100 😭tpi cabut gaji bapak gue sih, cuma emg iya uang bpjs kita di gunain buat iuran juga ? apa gmn dah ?"
2/5/2026,mediaindonesia,SEKJEN Yayasan Lembaga Konsumen Indonesia (YLKI) Rio Priambodo menilai penonaktifan kepesertaan Penerima Bantuan Iuran (PBI) BPJS Kesehatan harus diinformasikan juga ke peserta agar menjaga hak atas informasi peserta BPJS Kesehatan. https://t.co/RDzFi5FvBS
2/5/2026,cattellpillar,"Dari kuota beasiswa sampe bpjs pbi, ternyata mbg tidak benar benar gratis..."
2/5/2026,tanyarlfes,"trus BPJS PBI bisa diaktifkan kembali, tapi masa pengguna harus melapor ke dinsos buat minta surat keterangan ke BPJS. sama aja dipersulit ini mah. https://t.co/aqGCtljiLg"
2/5/2026,VerenaSusilowa1,Apalagi ini Namanya BPJS PBI itu d bayar negara bukan orang nya yg suruh bayar. La kenapa bisa beralih ke mandiri. D lihat dari segi apa pemerintah menghentikan pemegang kartu PBI
2/5/2026,ryzaoryza,"Kepikiran sama orang yang tiba-tiba sakit dan mau berobat, orang yang kontrol rutin, orang yang cuci darah, lansia yang ga bisa ngurus (padahal kadang ada aja sakitnya karena udah tua)😔 atau mungkin orang yang lagi dirawat di rs terus tiba-tiba bpjs pbi ga aktif lagi😔"
2/5/2026,cthamomile,"Hari ini ke polijiwa, pas nunggu di loket pendaftaran ada ibu ibu yg tdnya pake BPJS PBI dan skrg terpaksa ditolak pendaftarannya krn dinonaktifkan.. jahannam semua yg bikin akses kesehatan yg udh ribet ini makin sulit :)"
2/5/2026,netralnews,"BPJS PBI Nonaktif, Ini Penyebab dan Cara Mengaktifkannya Kembali di Tahun 2026 https://t.co/e4mmt4Ucgo"
2/5/2026,liswaterlilies,Salah satu karyawanku dulu baru 3 bulan kemarin minta parklaring buat ngurus BPJS PBI. Terus sekarang ga berlaku BPJS-nya dan harus ngurus ribet yang ujung-ujungnya harus pindah ke mandiri. Astaga rakyat sudah susah makin disusahin. Pemer**tah ini jahatnya tak terkira 🤢🤮
2/5/2026,detiaaaaaw,bpjs pbi di nonaktifkan.... dzalimnya..
2/5/2026,chakoolatae,"Aku pas denger program bpjs PBI kalo sebulan ngga dipake bakalan otomatis non aktif langsung sedih bgt. Krn paham kl banyak bgt yg emg bener-bener butuh 🥺 aneh bgt masa berharap tiap bln rakyatnya sakit (?) Bpjs non pbi perorang 35k, kl 1 KK 4 org udh 140k, buat makan aja susah"
2/5/2026,BuruhSiluman,"Bayangin, ginjalmu rusak krn „kerja, kerja, kerja“ sepanjang hidupmu utk upah yg tidak seberapa itu, mengandalkan BPJS PBI utk bisa cuci darah, lalu tiba2 kamu diberitahu BPJS tsb non-aktif. Tiba2 kamu merasa seluruh hidupmu di-prank oleh negara…"
2/5/2026,eunikero,"Aceh msh hancur, di NTT anak SD bunuh diri krn ga bs bayar sekolah, kemarin ribuan pasien BPJS PBI ga bisa dilayani krn bpjs diputus sepihak TAPI LU SEMUA MASIH NGERIBUTIN HIDUP INFLUENCER??? WOY WARGA, LU LAGI DIINJEK-INJEK PEMERINTAH!! BANGUN WOY!!!"
2/5/2026,BilalFahrur,"Lagi di rumah sakit dan di samping ada mbah² sepuh pekerja bangunan kebingungan. Ketika cerita ke temen di sampingnya, ia bilang,""BPJS kulo mboten aktif mas, padahal ndek wingi tasih lho. Niki mboten mbeto arto kulo."" (BPJS saya tdk aktif mas, padahal kmren masih aktif. Saya https://t.co/9401HRyklH"
2/5/2026,tanyakanrl,💚 yaallah ini beneran? 😞😞 ayah sender msi opname dan harus transfusi darah huhuu T__T https://t.co/WE2tU0hmtd
2/5/2026,eskepalmilosatu,"Semua dana diserap MBG, akhirnya sektor lain jumpalitan. Anaknya dapat makan gratis, orang tuanya bingung harus bayar 6,4 juta/bulan atau bayar BPJS mandiri buat cuci darah karena BPJS PBInya dicabut. https://t.co/WHol0OhH14"
2/5/2026,matcha_creamyy,@sosmedkeras INI PBI YAH penerima bantuan iuran which is ada ttd surat keterangan tidak mampu bukan BPJS reguler nah iphone 17 pro itu bukan kebutuhan primer. jadi ya kira-kira aja di pasien masih pantes dikatain tidak mampu dan apakah masih layak mendapat bantuan tsb buset gini aj banyak
2/5/2026,kompascom,"BPJS PBI Indah nonaktif mendadak, muncul tunggakan Rp 1,9 juta. Ia melunasi tunggakan agar kembali ke BPJS mandiri dan berobat. Indah memilih BPJS kelas 3 Rp 35.000 per bulan agar berobat tak tertunda. Baca selengkapnya: https://t.co/ciABG23GiY ~RK #BPJS #PBI #Depok https://t.co/lWjUGB0y6M"
2/5/2026,lithelylethal,oh betul berarti program presiden yang mau memberantas orang miskin.. eh memberantas orang miskin atau kemiskinan ya katanya waktu itu?
2/5/2026,haibundacom,"Status PBI BPJS Mendadak Nonaktif, 30 Pasien Cuci Darah Terpaksa Tak Bisa Berobat: Apa yang Harus Dilakukan? https://t.co/hJAEcvRBSU"
2/5/2026,hay_yuning,@tanyarlfes Tapi emang bener. Bpjs cuma nerima data siapa2 yg mau diaktifkan segmen pbi dari dinsos. Di luar data itu berarti non aktif klo orangnya ga terdaftar di segmen mandiri/ppu/pbpu. Klo termasuk gol tidak mampu tp ga masuk desil 1-5/dtks ya yg dipertanyakan dinsosnya
2/5/2026,dosenkesmas,"BPJS bikin video isinya: - Ke""kacauan"" ini bukan salah mereka - Terkesan menyalahkan ""Kementerian Sosial"" - Tips mengaktivasi kembali, 1. Pastikan masuk dalam penerima PBI bulan sebelumnya. 2. Masuk kategori miskin atau rentan miskin. 3. Butuh emergency. 4. Lapor Dinas Sosial https://t.co/FprS6NCb5R"
2/5/2026,Panoet__,"Ada juga orang elit pakai mobil dandan modis, tapi ke kantor BPJS mau ngajuin PBI 😂"
2/5/2026,weningdanwening,"@sosmedkeras Kalo dateng kondisi kumuh, bawah hp MITO, keliatan miskin, keliatan sangat BPJS PBI, maka tetep akan ada peluang dinyinyirin."
2/5/2026,AkaiShopell,"@trachita92 @adhaihsn @sosmedkeras BPJS PBI, KIS Sama BPJS yang tiap bulan bayar beda nya aapa?"
2/5/2026,rxelllary,"@dipsiutomo @Dara_Cega banyak pasien yang harus berobat yang masuk dalam kategori penyakitnya serius kebanyakan pasien kurang mampu secara ekonomi, tiba tiba bpjs nya di nonaktifkan. apakah mereka masuk ke dalam golongan yang ga pantas menerima bpjs pbi? 🫤"
2/5/2026,vanthanks,"@adhaihsn @sosmedkeras Tetangga gw punya Mobil BRV Prestige keluaran baru, motor PCX, tapi pake BPJS PBI sekeluarga."
2/5/2026,bobwarhead,"@MariaAlkaff_ 17 T bisa buat BPJS PBI 33,7 jt orang selama setahun, talk about priority"
2/5/2026,mangga_manggaaa,"Temenku kedua ortunya mampu haji dua duanya, punya kebon punya mobil aja bpjs nya PBI"
2/5/2026,detikHealth,Fakta-fakta 160 Pasien Gagal Ginjal Tak Bisa Berobat Imbas PBI BPJS Nonaktif https://t.co/E3FCiv3lgX
2/5/2026,Rissazkia,"Akun teh menggiring opini nya kliatan, berapa banyak PBI gak tepat sasaran? Bandingkan sama yg mau cuci darah tapi tiba2 bpjs nya gak aktif? Pernah kok pemerintah ngambil data PBI secara acak, entah siapa yg ngajuin kaka gw yg mampu bayar bpjs malah tiba2 akun nya jd pbi"
2/5/2026,theonlysekarr,"@BilalFahrur semakin kacau semuanya, bapaku disabilitas penderita katarak dan penyakit dalam harus cek rutin 2X di rs, Pengguna BPJS PBI juga. Dalam waktu dekat disarankan untuk operasi mata kalau tekanan bola mata sdh normal, Skrg terancam ga bisa operasi, biaya nya mahal😞"
2/5/2026,yateempasif,"@helmihelmi Fyi, petugas kantor bpjsnya juga abai kl ada yg mau ngurus begini, Sodaraku pbi karna emg lingkungan rumahnya dapet pbi semua, trus karna ga aktif dia mau urus buat bayar mandiri. Datanglah dia ke kantor bpjs tp respon petugasnya ""dibantu sama keluarganya aja pa, lewat mobile jkn"""
2/5/2026,annisabalqis,"@Am_Islach @sdenta Eh punyaku juga PBI, padahal sebelumnya bayar mandiri autodebet rekening. Terus pas ngecek ke kantor BPJS kesehatan karena mau bayar mandiri krn skrg kerja freelance (sebelumnya dibayarin via kantor), udah jadi PBI. 3 anggota keluarga PBI semua"
2/5/2026,boostsocmed,@sosmedkeras Menurut w ga cocok sih...Pbi itu harus di berikan ke yg benar membutuhkan. Kalau udh bs bawa hp begitu harus nya bpjs kelas 3 yg 35k masih bs kali kan
2/5/2026,boostsocmed,@adhaihsn @sosmedkeras Kalau ini harus di nyinyirin sih bang Bpjs pbi di salah gunakan
2/5/2026,yogya_serviceAC,"@BilalFahrur Habis cek beneran, serumah tiga orang bpjs pbi tidak aktif.. Padahal rencana mau pakai buat operasi amandel anak, besok pas liburan sekolah.."
2/5/2026,gurudokkan88,"@sosmedkeras Ini cara agar yang kaya makin kaya kali, selevel harvey moeis sama sandra dewi aja punya BPJS PBI"
2/6/2026,tianzanite,"Liat berita ada orang2 yg mau cuci darah tapi ngga bisa karena bpjs pbi nya ngga bisa digunakan karena udah ngga aktif, padahal kebanyakan pengguna para lansia. Ya Allah gini amat tinggal di indonesia yang pemimpinnya zolim."
2/6/2026,panoramaKP,"Dampak penonaktifan BPJS Kesehatan segmen Penerima Bantuan Iuran (PBI) dirasakan oleh Nilta (33), warga Kalurahan Hargomulyo. Untuk selengkapnya bisa dibaca di https://t.co/1TbSoM4kRU ya lurr. Sumber : @kompascom https://t.co/lSV6eh4TTU  Lokasi : Kalurahan Hargomulyo https://t.co/X2iMxwOUd2"
2/6/2026,Dama31_,"Kadang tuh mau nangiss banget. Gaboleh nolak paham banget iya gaboleh. Tapi serius kok kaliann dzolim baget loh sama nakess. Yang pada Gaji ditunda, dipotong grgr gagal claim bpjs"
2/6/2026,faapriil,"Pp ku dulu pasien Hemodialisa yg terbantu dgn adanya cover BPJS, dan aku liat sendiri temen2 PP seruangan yg berjuang &amp; bergantung dari coveran BPJS Hemodialisa 1-2x seminggu itu🥲"
2/6/2026,cocoannaaa,Nih orang ngerti alur pengklaiman bpjs ngga sih? Plenger bgt sumpah
2/6/2026,whephe,"https://t.co/iot2NTGr6b gunakan Aplikasi cek bansos, untuk mengecek tetangga atau kerabat yang membutuhkan bantuan pemerintah seperti PBI. Di Aplikasi ini kita juga bisa mengusulkan seseorang untuk mendapatkan bantuan. #bansos #bpjs #pbi"
2/6/2026,txtdaritaxpayer,"Kemensos bilang pasien BPJS ga aktif ga boleh ditolak RS. Terus bayarnya gimana? Nanti RS nagih ke BPJS, ditolak tagihannya. RS nya tekor. Nakesnya ga dibayar."
2/6/2026,mediaindonesia,"KEPALA Humas BPJS Kesehatan, Rizzky Anugerah menjelaskan bahwa penonaktifan peserta penerima bantuan iuran atau PBI JK dilandasi oleh Surat Keputusan Menteri Sosial Nomor 3/HUK/2026 yang berlaku per 1 Februari 2026. https://t.co/XgHE01Twco"
2/6/2026,temanbahasa,"Kamu bayangin, ada ibu hamil yang mau ngelahirin besok tapi dia gabisa ngelahirin karena terkendala BPJS nya non aktif. Bayangin aja, ga cuma ibu hamil, ada orang tua yang berjuang melawan kanker, ada orang yang mau di operasi…. Dan semuanya demi 1 hal"
2/6/2026,segomekdiii,"pengen nangis baca2 terkait penonaktifan bpjs pbi, demi Allah may you root in the deepest pits of hell."
2/6/2026,SemutMerah2024,@kompascom Pidato Kereen. Noh Kemensos menonaktifkan BPJS rakyat miskin.enghilangkan kemiskinan dengan menghilangkan nyawa atau gimana pak? Apa bapak ga liat berita ini atau gimana pak @prabowo ? Apa anda dikurung di ruangan dan anda ga tau apa yang terjadi dengan anak buah anda?
2/6/2026,caki_ehe_ehe,BPJS itu bertanggung jawab langsung di bawah Presiden. Jadi kalau ada menteri bilang ABCDXYZ tentang BPJS nggak akan terlalu ngaruh 😑
2/6/2026,ADITYAALFARIZI,"“Dok maaf kontrolnya telat, BPJS saya tidak bisa dipakai, ini baru dapat pinjaman uang buat bayar” Kalimat yg banyak disampaikan pasien-pasienku akhir-akhir ini. 💔"
2/6/2026,Vtaerahm,"Sodara w jg masih bocil sakit diabet, kmren akhir dec meninggal gara' stop obat bpjs ny di cabut. Tau dah pemerintah tahi 👊"
2/6/2026,Luknar76,Hai @grok bagaimana mengatasi BPJS PBI yang di cabut mendadak. Berikan solusi dan langkah-langkah apabila kejadian tersebut terjadi
2/6/2026,juseaona,Jahat banget. Udah ikut BOP trs sekarang bpjs org di nonaktifin 😔 gatau dah nih gimana masa depan ni negara
2/6/2026,jawapos,BPJS Sebut Rumah Sakit Tak Boleh Tolak Pasien Cuci Darah yang Dinonaktifkan JKN PBI-nya https://t.co/AFeZDScC1x
2/6/2026,Ahyaroe,Sedih liat berita soal pencabutan fasilitas BPJS itu. 🥹🥹🥹
2/6/2026,RadioElshinta,"Puluhan Ribu BPJS PBI Nonaktif, Akses Berobat Terancam https://t.co/sEjh5SM4W4"
2/6/2026,SemutMerah2024,"Maaf saya Kasar. Kemensos Bangsad! Tunggu orang mati? Tergambar betul dengan pelayanan Rumah sakit, kl BPJS ga aktif walaupun Rakyat Sekarat ga dilayani, sampai mati tuh orang. Baru aktif BPJS nya. @prabowo"
2/6/2026,mediaindonesia,"MENTERI Sosial (Mensos) Saifullah Yusuf atau Gus Ipul menegaskan bahwa tidak boleh ada rumah sakit atau fasilitas kesehatan yang menolak melayani pasien peserta BPJS segmen Penerima Bantuan Iuran Jaminan Kesehatan atau PBI yang mengalami penonaktifan. Sebab, itu bisa direaktivasi"
2/6/2026,AraituLaki,"Spertinya Terjadi kekontolan Administrasi Anggaran‼️ Anggaran Kesehatan digeser bwat MBG.. Murid2 KeRacunan Massal.. Gak diCover BPJS.. jatuh Korban Meninggoy.. Gak ada yg tg Jwb.. Karena cmn 0,001%, itu Manusiawi!! Biadab 😤 https://t.co/8wEz5P6cxj"
2/6/2026,interkalasi,"Emang harusnya pejabat2 itu diwajibin pake bpjs dan dilarang pake asuransi swasta, jadi seenggaknya tau lah apa yang dirasain rakyat kalo bpjs nya tiba2 gabisa dipake"
2/6/2026,VerenaSusilowa1,"Masih d layani d RS dengan BPJS non aktif, maaf apakah bisa d klaim tagihan ke BPJS kah karena kartu tidak aktif . Kan kasihan juga RS nya . Apalagi RS swasta 🤭"
2/6/2026,nadaliciasihna,"Gatau ini asbun, relationshipnya ""Sektor Kesehatan vs BPJS"" adalah mirip-mirip ""Sektor Pendidikan vs MBG"" What if kesehatan dan pendidikan, bahkan sekalian aja damkar petani dll dkk pada satu suara, arahkan kekecewaan ke tempat yang sama. Sehat-sehat dan waras-waras semua."
2/6/2026,Ari3Ghozi,"Presidennya ""semau gue""... yg penting nomor satu itu MBG. Yg lain susah (kesehatan BPJS, anak bunuh diri krn ga bs dpt alat tulis, satu klrg yg bunuh diri krn sulit ekonomi, dsb) ga ada urusan"
2/6/2026,leleown,ini seriusan mbg sampe nge cut bpjs..
2/6/2026,Mrs_Ulya,"""Saya bantuin anak saya."" Kalimat sederhana yg menyembunyikan realita rumit di baliknya. Sejauh mana bantuan ini masuk ke area abu-abu regulasi?! | BPJS | Gempa | chenle | https://t.co/JA4NTxZFcZ"
2/6/2026,ferizandra,Pemerintah melalui Kementerian Sosial (Kemensos) resmi mengaktifkan kembali kepesertaan BPJS Kesehatan Penerima Bantuan Iuran (PBI) khusus bagi pasien cuci darah pada Jumat (6/2). Langkah ini diambil sebagai respons cepat terhadap keluhan sejumlah pasien gagal ginjal yang https://t.co/8HGwfxH3MM
2/6/2026,nehf_kris,"konsepe pripun gusss?? kon mateni pihak RS?? mbok mikir sekkk sak durunge melangkah, bpjs dihentikan tanpa pemberitahuan iku dusoo loh guss, konsep dasar berkhianat ngene mosok gak weruh sekalah gus rwekk"
2/6/2026,grok,"@Luknar76 Hai! Jika BPJS PBI dicabut mendadak, ini langkah-langkahnya berdasarkan info resmi BPJS Kesehatan (per Feb 2026): 1. Cek status di app Mobile JKN, situs https://t.co/I2yk0JTEds, atau call center 165. 2. Jika masih memenuhi kriteria miskin, lapor ke Dinas Sosial setempat dengan"
2/6/2026,kkh_hrd,Caranya? Orang miskin dibuat meninggal perlahan dengan mencabut BPJS PBI.
2/6/2026,Harian_Jogja,"BPJS PBI Warga Solo Banyak Dinonaktifkan, Aduan Mengalir ke Pemkot https://t.co/VpVrtNAOnm https://t.co/LlYb1vpSuc"
2/6/2026,jawapos,Kemensos Aktifkan Kembali BPJS PBI Khusus Pasien Cuci Darah https://t.co/54JnixYSiw
2/6/2026,medishinee_,"Ya iyalah w marah marah. W kerja keras pepeha 270 ribu perbulan. Ya marahlah kalau kerjae rati rati. Apalagi kesehatan masih harusbayar assurance, itupun kalau bpjs juga di bbrp rs masih diskrimantif huh. Sekolah bayar. Apalagi kasus anak kecil bundir gara gara gak bisa beli buku"
2/6/2026,aurorassss_,"denger berita penerima bpjs pbi dinonaktifkan tuh kayak sakittt banget, gimana mereka mau hidup yaa..."
2/6/2026,Naandaa27,•Dirut BPJS : Yang menonaktifkan itu Kemensos. •Mensos : Rumah sakit tidak boleh tolak pasien BPJS PBI. •Rakyat : 🤮🤮 ----- Adira Jepang Tidur Eliano Pacitan Kiky https://t.co/neNwjqRCs5
2/6/2026,RadioElshinta,#KomisiAnda Apa yang harus dilakukan pemerintah agar penonaktifan puluhan ribu anggota BPJS PBI tidak merugikan rakyat miskin yang butuh pengobatan? Komentar Anda? https://t.co/0nzUryqOxC
2/6/2026,Jaga5_sila,"Potrek Negara Paling Bahagia Indikatornya dibuat sendiri Dipuji sendiri Diviralkan sendiri Diberi Penghargaan sendiri Dibanggakan sendiri Bhkn saking bahagianya, layanan BPJS kesehatan juga diStop dan Ribuan Pasien Cuci Darah dipastikan setor nyawa, rakyat tetap bahagia https://t.co/0pDYW5vmwT"
2/6/2026,not_4_sale__,"Sesakit hati itu liat masalah bpjs ini, udh mah nakes ga layak bayar, tbtb bpjs PBI berhenti, shout out deh buat presiden skrg, udh memenuhi janji dia, iya, ga memprioritaskan kesehatan 🤓"
2/6/2026,RadioElshinta,BPJS Kesehatan: Aktivasi PBI nonaktif bisa lewat Dinsos atau Faskes https://t.co/rJ29v6UOqa
2/6/2026,cocoannaaa,"YA GMN MAU NGEKLAIM NYA KOCAK KALO BPJS NYA NON AKTIF, MAU BPJS PBI ATAU MANDIRI KALO KAGAK AKTIF YA SEP NGGA BISA TERBIT KOCAK"
2/6/2026,RadioElshinta,"#DiskusiInteraktif Apa yang harus dilakukan pemerintah agar penonaktifan puluhan ribu anggota BPJS PBI tidak merugikan rakyat miskin yang butuh pengobatan? Yuk ikuti keseruan Live on TikTok Elshinta edisi malam bersama, Yudhianto Budiman 👇👇👇 https://t.co/BSdxkDIE2h"
2/6/2026,baeohany,"Bayangin klaim bpjs aja masih seret, pasien umum banyak yg nunggak bahkan gak dibayar, skrng pbi non aktif harus dilayani terus yg bayar siapa mnyet??? Dikaji dikaji ujung ujungnya pemerinath jg ga mau bayar, rs colaps lah gaada pembiayaan yg masuk"
2/6/2026,zamtwo,"BPJS iuran naik layanan mundur Kalau bisa UNREG BPJS, pindah ke asuransi swasta. Sayangnya ga bisa euy"
2/6/2026,yojochingu_,Lagi degdegan takut bpjs pbi sekeluarga dicabut😭😭😭
2/6/2026,astrophileppang,"kisruh bpjs ini juga nakutin punya keluarga gue.. soalnya tbtb berubah jadi PBI nih, padahal setiap bulan bayar mandiri.. eh kemaren waktu mau bayar malah gabisa grgr statusnya jadi PBI"
2/6/2026,nusabalicom,Puluhan pasien gagal ginjal kronik di sejumlah daerah di Indonesia dilaporkan kehilangan akses layanan cuci darah. Ini setelah kepesertaan BPJS Kesehatan Penerima Bantuan Iuran (PBI) dinonaktifkan secara mendadak tanpa pemberitahuan. https://t.co/L29AO4YEWy
2/6/2026,YourBruv,Jir beneran gatega baca2 twit org yg bpjs nya di nonaktifkan 💔
2/6/2026,zamtwo,"Genosida jalur bpjs dan mbg Ga langsung, perlahan, ujungnya bisa meninggal"
2/6/2026,fuyyiiw,Anjiir BPJS ku tsrmasuk yg di nonaktifkan 😭 https://t.co/5JmHmgQqZ9
2/6/2026,Pradewitchy,"Siswa keracunan dianggap bukan masalah besar, musibah satu pulau nggak mau ngurus, BPJS buat orang miskin dikurangi emang kayaknya kebijakan utama pemerintah sekarang adalah mengentaskan kemiskinan dengan menghabisi orang miskin. Kalo pada meninggal kan nanti statistiknya berubah"
2/6/2026,UntamenMilky,benci bgt gusi bernanah 💔
2/6/2026,vania270589,😔😔😔 bpjs nolong bgt buat rehab medik begini yg jangka waktunya gak bisa diprediksi
2/6/2026,Gilangmb_,Bpjs bangke emg
2/6/2026,Ruq4yy4,"Sebaik-baik manusia adalah yang paling bermanfaat buat orang lain. Jadi jangan marah jika kamu sering dimanfaatkan oleh orang lain. Gold morning, everyone 🌞🌞🌞 == Pagiii chenle Adira BPJS Malming King Indo https://t.co/tfYmXxKS7Y"
2/6/2026,AboePintuTeras,"Pak! BPJS loe ini yg di nonaktifin.. Ya kali BPJS kaya situs judol, bisa dinonaktifin sama pemerintah?"
2/6/2026,SoccMedico,"Update data dilakukan Pemda/Pemkot dri Dinsos msg² ke Kemensos, baru Kemensos br rekom ke BPJS Kesehatan utk Off kan kepesertaan PBI APBN yg tdk masuk data yg diinput Dinsos Pemda/Pemkot msg² Monev kinerja Dinsos Pemda/Pemkot sluruh Indonesia &amp; Dirjen Kemensos patut dievaluasi"
2/6/2026,monika_elon,Yg tadi salah hitung🥴 Sekali cuci darah 1 jt. Seminggu 2 x cuci darah. Sebulan 8 jt. Setahun 96 jt/ pasien 😭 BPJS PBI. Dikali sekian juta pasien cuci darah. Bisa bangkrut negara 😥 Mbok ya diusahakanlah BPJS mandiri kelaa 3. Karna buksn cuma cuci darah yg ditanggung negara
2/6/2026,scrtyzysn,Emang berobat mata gabisa ditanggung bpjs kah?
2/6/2026,fusenaxx1,"Kalaupun anies jd presiden, dia jg bakal ngeluarin kebijakan non populis lah. Misal cut off APBN buat BPJS PBI atau kebijakan lain. Emg kalo di luar sistem keliatan kek malaikat. Walau ada jg sih Serigala yang terang2an pake bulu serigala"
2/6/2026,budmul80,Silahkan rakyat yg terhormat geruduk BPJS dan kemensos. Kadang2 emang perlu dinepalkan biar kerja serius.
2/6/2026,WahyuHasianta,Terima Kasih #BPJS @BPJSKesehatanRI sc @kompascom https://t.co/RU7WfYIn16
2/6/2026,budmul80,"Emang mau nyusahin aja ente BPJS, rumah sakit mau operasional gimana klo gak ada jaminan. Sok2an bijaksana, kalau mau bikin aturan sosialisasikan dulu itu yg bener."
2/6/2026,justbluemold,"Liat statement mensos, menkes dan bpjs ttg penonaktifan bpjs ini tuh keliatan bgt mau saling lempar tanggung jawab dan ga ada koordinasi apapun. Jawab seadanya asal ngomong. Please behave sesuai role msg2 atuh, pegang tanggung jawabnya. Nyawa org loh jahat pisan. Zolim"
2/6/2026,namharailua,Pake cara cabut BPJS PBI ya?
2/6/2026,febrsuavy,"Pusing bgt baca timeline isinya ketidakbecusan rezim 😭 - embege menu kocak, full upf - bpjs dinonaktifkan sepihak - duit segitu banyak malah dipake join organisasi pendukung pelaku genosida - penjahat playing victim bertebaran gara2 isilop ga mihak korban 😭😭"
2/6/2026,RadioElshinta,"#DiskusiInteraktif Apa yang harus dilakukan pemerintah agar penonaktifan puluhan ribu anggota BPJS PBI tidak merugikan rakyat miskin yang butuh pengobatan? [TALK] Direktur Eksekutif Jaminan Sosial Institute - Mantan Anggota DJSN periode 2019-2025, Andy William Sinaga M.H https://t.co/nHhBzt7HTU"
2/6/2026,RatnaPuspi16942,"Tolong @KemensosRI @prabowo dipikir ulang utk menonaktifkan BPJS PBI Pasien Cuci Darah yg tdk bisa ditunda, krn itu menyangkut nyawa manusia. Dimana Akal Pikir, Nurani&amp;Peri Kemanusiaan klian wahai para Pemangku Kebijakan ? Knapa sbegitu jahatnya Pemerintah Ngr ini pd Rakyatnya?"
2/6/2026,PYR286,Kalian juga gak boleh nonaktifin PBI lahhh bego Astaghfirullah. Nyuruh nyuruh gak boleh menolak pasi...
2/6/2026,irdyahh,"gila sih, pemerintah lebih memilih menonaktifkan 11 juta peserta BPJS PBI, mengalihkan apbn dari sektor lain daripada memutus program mbg walaupun saat libur/puasa. ini mah bukan demi gizi anak tapi bisnis,"
2/6/2026,maymarmas,@kompascom Ini orang aneh. BPJS PBI dia stop. Tapi rumah sakit disuruh terima pasien. Siapa yg mau bayar rumah sakit bagi pasien BPJS PBI yg udah dinon aktifkan Kemensos? Sama aja dia adu domba antara pasien BPJS PBI dg rumah sakit.
2/6/2026,tafsteful,"Bangsat bangsat, anak sd bundir karena pip kagak cair di dia, bpjs banyak yang gak ke cover, duitnya malah lari kesini"
2/6/2026,wlwidy,bnr2 sakit hati baca cerita orang-orang yang bpjs pbi &amp; kis tiba-tiba nonaktif ya Allah please save us from pejabat yang kerjaannya nyusahin rakyat &amp; those who enable it ..
2/6/2026,pihangaheng,"Anjir emang si gendut, ada pasien harusnya hari ini tindakan lumbal pungsi ibunya ga jadi tindakan karena non aktif bpjs pbi nya anjir anjirrrrr zholim"
2/6/2026,Billy_Naravit,"@nistirsyiwilin @KemensosRI Elit NU yang fokus duit aja sih, ngak napak tanah dan bantu orang miskin lagi sakit. Makanya BPJS PBI di putus Gus Ipul"
2/6/2026,baeohany,"Bayangin klaim bpjs aja masih seret, pasien umum banyak yg nunggak bahkan gak dibayar, skrng pbi non aktif harus dilayani terus yg bayar siapa mnyet??? Dikaji dikaji ujung ujungnya pemerinath jg ga mau bayar, rs colaps lah gaada pembiayaan yg masuk"
2/6/2026,jengglongan,"Menteri gblok. Dia yg stop PBI BPJS dia yg nyalahin rumah sakit. Inget ini sifat, karakter"
2/8/2026,kamehamehauhuy,"@MiskinTV_ Sekarang muncul varian baru, buzzer BPJS PBI.. komennya jg dia dia lagi yg komen"
2/8/2026,Ri_zki2,@ibalbabay Kalo sebelumnya ada meme orang meninggal harus datang buat nonaktifkan BPJS. Mungkin selanjutnya ada meme orang sekarat antri buat aktifkan PBI.
2/8/2026,kamehamehauhuy,"Setelah buzzer mbg &amp; guru honorer selesai, sekarang muncul lagi buzzer BPJS PBI di apk kandang monyet itu..Ga waras, orang sakit malah dituduh macem macem.."
2/8/2026,banjarmasinpost,"11 Juta PBI-JKN BPJS Kesehatan Dinonaktifkan, Pemkab Banjar Pastikan Warganya Tetap Bisa Berobat. https://t.co/4Wi3xsMp14 lewat @tribunnews"
2/8/2026,grok,"@Riekanoy @Eduardlazarus Berikut kronologi isu BPJS Kesehatan terbaru berdasarkan data resmi dan diskusi online (sumber: Kompas, Tempo, dll.): 1. Jan 2026: Kementerian Sosial terbitkan SK No. 3/2026 untuk mutakhirkan data PBI JKN, tujuannya agar subsidi tepat sasaran. 2. 1 Feb 2026: 11 juta peserta PBI"
2/8/2026,RagaSukma_1,@SoeTjenMarching Kalau mbg banyak untungnya. Sekolah Rakyat juga banyak cuan dari pengadaan barang dan jasa. Sedang PBI BPJS kesehatan pahit tidak bisa di tilep oleh @KemensosRI makanya pada di non aktifkan
2/8/2026,bcamalingduit,"@denismalhotra Yup, langkah konkretnya dengan meracuni anak2 lewat mbg, nonaktifin bpjs pbi, phk dimana2 dll."
2/8/2026,wartakitaID,Jutaan Penerima BPJS PBI Dinonaktifkan Mendadak. https://t.co/5YfGA8KCWT
2/8/2026,ardi_tama1,"Gua kasihan dikit sama iqbal, tweetnya dia “cuma” ngajak orang yg gak eligible masuk PBI (menurut kemensos) buat ambil bpjs mandiri. Gua lho minta minta anggaran dan kapitasi naik, kurangin PBI wkwkwk"
2/8/2026,migdodo74,@Opposisi6890 @R4Y99 Padahal kebanyakan warga pemilik BPJS PBI adalah warga Nahdliyyin. Tega banget tuh orang. Berani sekali cekik rakyat kecil
2/8/2026,roy1alien,"@Opposisi6890 Lucunya, beliau malah mengancam RS yg menolak BPJS. Lha RS jg butuh by operasional, klu RS ajukkin cost pasien non PBI ke BPJS wes pasti ditolak krn maladministrasi"
2/8/2026,ramazaynworld,"@Pahlevi6_ Jika ada yang dinonaktifkan, bukan berarti dana PBI menguap. Artinya sudah ada antrian yg menggantikan mereka karena sudah dianggap layak secara elonomi untukenjadi BPJS Mandiri. PBI itu tidak permanen. Jadi penerimanya dievaluasi secara periodik."
2/8/2026,otterion,"@zlebor02 @fasyadisha21_ @piokharisma mas.... satu contoh aja, bpjs pbi dinonaktifkan tu dampak bagus bagi SIAPA?"
2/8/2026,mulyonofan69420,Bangsat lah gemoy nenek kandung gw dimatiin jg bpjs pbi nya
2/8/2026,megustaschu_,"@lutfithe13th @BPJSKesehatanRI Logikanya kmn sih? Sy tiap bln bayar BPJS kelas 1 biar org2 yg gk mampu bs pake, BPJS itu subsidi silang. Dana BPJS itu dr iuran + APBN. Dr dulu yg gk punya PBI trus terpaksa di rawat ya emg diterima kok, baru nanti kalo udh tertangani RS menyarankan bikin BPJS. Fakta lapangan gt"
2/8/2026,RagaSukma_1,"@adisp04 @berlianidris Ujug-ujug non aktif, gitu aja kok, enggak ada alur aluran segala, Tapi relasi saya meski pedagang sayur punya rumah 3,mobil avanza, Anak ada yang punya inova zenix,avanza, status tetap BPJS kesehatan PBI 🤣 Yg di non aktifkan kebanyakan anak yg menginjak usia 17 tahun"
2/8/2026,unsoedmfs,jends! mau tanya buat yg kipk itu bpjs pbi nya ikut non aktif ga ya? dan klo jdi non aktif itu ngaruh ke kipk gaa?
2/8/2026,nadwipa,@SeputarTetangga punya temenku malah jadi 1 bpjs. 1 mandiri 1 pbi 😑
2/8/2026,yeswandy,"@mworagyyu @ibalbabay tu orang nakes teraneh sih jujur. reply nya banyak yang bilang nakes ga napak tanah ya hmm. Mungkin sering ketemu nakes di swasta kali ya ka? Kebetulan kalo kerja di rsud biasanya sih malah selalu arahin ke bpjs pbi untuk pasien2 ga mampu, kasian banget soalnya"
2/8/2026,kalistohenituse,"Ini yang bener ya : Tutorial aktivin BPJS non-aktif PBI, 1. Melapor ke kantor desa atau kelurahan setempat. 2. Menghubungi dinas sosial kabupaten/kota sesuai domisili. 3. Membawa surat keterangan layak membutuhkan layanan kesehatan dari fasilitas kesehatan. 4. Mengajukan"
2/8/2026,ansarura,knp psikolog ga di cover bpjs ya anncrit
2/8/2026,mediaindonesia,Gubernur Dedi Mulyadi sudah mulai menggulirkan identifikasi dan mendata seluruh warga yang betul-bet...
2/8/2026,ilydhjn,per pasien bpjs dibayar serebu anjrit awokwok stres
2/8/2026,BUTCHDESTR0Y3R,"maka dari itu kawan-kawan. kalian kalau berobat, diatas kepala gak ada tulisan bpjs/asuransi/umum. i..."
2/8/2026,SINDOnews,BPJS Kesehatan memberikan klarifikasi terkait penonaktifan peserta PBI JKN yang menjadi sorotan publ...
2/8/2026,fiitriaaa_,BPJS PBI aku udah berhasil reaktivasi. ALHAMDULILLAH https://t.co/uG5Zn7nB2m
2/8/2026,mediaindonesia,"Memasuki Februari 2026, banyak masyarakat penerima manfaat dikejutkan dengan status[ kepesertaan BPJ..."
2/8/2026,mediaindonesia,"BPJS Kesehatan yang dinonaktifkan masih bisa diaktifkan kembali dengan mudah, asalkan peserta memenu..."
2/8/2026,RadioElshinta,Nantikan #PowerBreakfast bersama Sekretaris Jenderal Organisasi Pekerja Seluruh Indonesia/Koordinat...
2/8/2026,21_mozza,PARAH !! Vonis Senyap di Meja Administrasi: Ketika 11 Juta Warga Miskin Terusir dari BPJS Bagi pend...
2/8/2026,TINTAHIJAUcom,Pemprov Jabar akan Tanggung Iuran BPJS Kesehatan Segmen PBI yang Dicoret Kemensos https://t.co/u04SA...
2/8/2026,mediaindonesia,"Sejumlah warga Desa Donowarih, Kecamatan Karangploso, Kabupaten Malang, Jawa Timur, mengalami kendal..."
2/8/2026,banjarmasinpost,"11 Juta PBI-JKN BPJS Kesehatan Dinonaktifkan, Pemkab Banjar Pastikan Warganya Tetap Bisa Berobat h..."
2/8/2026,Dimasawung,"Kekhawatiran gue soal dana kesehatan bener kejadian, kmrn tmn chat kalo bpjs pbi ibunya non active g..."
2/8/2026,bakuldimsum_,"Sebagai peserta BPJS pbi, ini ribet banget 😭"
2/8/2026,mulyonofan69420,Bangsat lah gemoy nenek kandung gw dimatiin jg bpjs pbi nya
2/8/2026,lhogabahayatahh,"RS, Dinsos, Kemensos, BPJS. 4 lapis institusi 🙃"
2/8/2026,yessyrosyadi,"Dari berita gas subsidi sampe sekarang bpjs, d bolak balik mulu perasaan"
2/8/2026,ohnuniq,bpjs kata gw turunkan staff klean minimal 1 orang untuk jelasin sendiri kebijakannya di tiap puskesm...
2/8/2026,RadioElshinta,Nantikan #PowerBreakfast bersama Sekretaris Jenderal Organisasi Pekerja Seluruh Indonesia/Koordinat...
2/8/2026,itjhan_alex,"Kemensos tidak punya hak, karena bpjs peserta dikenakan iuran bulanan(asuransi) bukan dari anggaran ..."
2/8/2026,grok,"@9H0st66 @prabowo Haha, bener mbah, cah politik emang sering lunyu-lunyu kaya belut. Tapi RUU Peramp..."
2/8/2026,Bigbagors,Mau jadi pegawai tetap yg sempet tertunda setahun. liat jkn ternyata non aktif terus syarat bikin sk...
2/8/2026,FBN_Net,Pemdaprov Jabar Akan Tanggung Iuran BPJS Kesehatan Segmen PBI yang Dicoret Kemensos https://t.co/UPj...
2/8/2026,perssepssi_,Kita dipaksa bayar iuran BPJS. Terus jaminan kesehatan dicabut untuk 11 juta masyarakat. Kan AJG...
2/8/2026,Darien222241,"Dengan cara membunuh mereka perlahan, dr bpjs di non aktifkan, lalu anak2 dan lansianya diberi ""MAKA..."
2/8/2026,grok,@nasih_genie22 @SeputarTetangga Perubahan status BPJS mandiri ke PBI bisa terjadi karena pembaruan d...
2/8/2026,machineheadz,Halah ribet. Orang miskin dipaksa-paksa ikut bpjs.. udah daftar tiba2 dinonaktifkan trus disuruh ngu...
2/8/2026,arifahzzz,Fyi kecelakaan gabisa pakai bpjs kesehatan guys..
2/8/2026,fiitriaaa_,"Tadinya pasrah aja karena tanggal 11 ada jadwal, eh ternyata bpjs pbi aku bisa aktif lagi huhu makas..."
2/8/2026,asmarasubuhh,perkara penanganan banjir perkara board of piece perkara bpjs dicabut gimana?
2/8/2026,9H0st66,"Titttttt ya..... Wis, ndak usah digawe ribut. . Saran saya, misal iuran bpjs mandiri diturunkan gim..."
2/8/2026,sushi_fries,"Daaang... dan di indo, nakesnya masih aja diribetin edukasi urusan bpjs ke rakyat :v"
2/8/2026,NenkMonica,KEMENSOS MENONAKTIFKAN SECARA MASAL KIS/BPJS. Penonaktifan massal Kartu Indonesia Sehat (KIS) atau B...
2/8/2026,grok,@9H0st66 @prabowo Bener mbah! Iuran wajib karo subsidi via kartu pemerintah bisa nutup 28jt tunggaka...
2/8/2026,unsoedmfs,jends! mau tanya buat yg kipk itu bpjs pbi nya ikut non aktif ga ya? dan klo jdi non aktif itu ngaru...
2/8/2026,AndaloKifli,"Kemensos, yuk bisa yuk. Jangan matiin BPJS aja bisanya ya..."
2/8/2026,jeonbibib,Tdi ngomongin soal bpjs pbi yg pada dicabut ama kakak gua ampe temen2 thalassemia ponakan gua pd nun...
2/8/2026,wartakitaID,Jutaan Penerima BPJS PBI Dinonaktifkan Mendadak https://t.co/5YfGA8KCWT
2/8/2026,grok,"@9H0st66 @prabowo Bener banget, mbah! Kutipan Warren Buffett itu pas: ""Kecepatan adalah musuh ketepa..."
2/8/2026,lahiyagini,"RIBET BANGET BANGSAT. LU YG MATIIN BPJS, KITA YG RIBET MINTA BIAR BPJS BISA IDUP LAGI. MIKIR KIDS."
2/8/2026,voxindonesia_id,Jutaan peserta BPJS PBI mendadak nonaktif per Februari 2026 setelah Kementerian Sosial melakukan pem...
2/8/2026,Vanderfode,udah seminggu lebih susah tidur...ke overthinking ini bikin ngga nyaman yaakk.. mana pingin cek up.....
2/8/2026,rprohis,Makasih dah join dan jadi motw 2 minggu berturut2 rune. Pastikan bpjs aktif ya
2/8/2026,r7olles,Kirain budaya tidak boleh pakai kekerasan itu cuma berlaku untuk anak sekolah. Ternyata untuk pencur...
2/8/2026,grroombble,"hehe selain alurnya tolong kasih estimasi waktu verifnya dong, kan kalau selama ini aturan bpjs non ..."
2/8/2026,salwiiuu,mendidih bgt kepalaku liat persyaratan reaktivasi bpjs pbi alias ribetttt bgt nyetttt
2/8/2026,deeptolks,merinding sebadan badan bacain info bpjs pbi banyak orang nonaktif
2/8/2026,Rhakkan09,"kPemprov Jabar Tanggung Iuran BPJS PBI yang Dicoret Kemensos, Pasien Kronis Tetap Dijamin https://t...."
2/8/2026,rsapu7ra,Ada MBG buat bumil. Sing tenang. BPJS PBI masih ada. Sing tenang. Hidup Prabowo.
2/8/2026,givingupstrong,"Kak, coba main ke puskesmas yuk. Seminggu aja. Didepan tapi ya. Bagian admin yg ngurus rujukan dll. ..."
2/8/2026,squirrllll,"OON BGT LU SEMUA ANJIRRRR GERAM BGT GW ORANG2 YG BPJS PBI ITU GACUMA GAGAL GINJAL SAKITNYA, BERAGAM...."
2/8/2026,AryaDwipg,Ini tanggung jawab negara BPJS itu kan balancing tapi soal jaminan dan fasilitas kesehatan warga mis...
2/8/2026,DRIVINSPACESHIP,"AAAAAAAARGHHHH BJIR, BPJS/KESEHATAN SAMA GAJI GURU &amp; PENDIDIKAN DIBENERIN DULU BISA KAGA SIHHHH ..."
2/8/2026,kalistohenituse,Ini yang bener ya : Tutorial aktivin BPJS non-aktif PBI 1. Melapor ke kantor desa atau kelurahan s...
2/8/2026,phrinses,"Kemensos ni emng dasar yaa. ujung2nya yg disalahin ya bpjs mulu🤣 mana orng indo literasi rendah, ..."
2/8/2026,fawwazrd,"Pada denial aja mereka, gamau disalahin. Mereka nyoblos juga kegiring influencer tolol, IQ 78. Pada..."
2/8/2026,artrophile,"selama jaga di puskesmas banyak pasien yg berobat pake biaya umum. setelah ditanya, sbnrnya mereka p..."
2/8/2026,rizchadhi,"aneh banget banyak yg bilang dokternya ga napak tanah wkwk padahal bener yg dibilang, jelas ""kalau u..."
2/8/2026,guemaungeluh,"Lu semua yang nangis nangis pas dikasih nilai 11/100, KELUAR LO SEMUA SEKARANG AJG, LU HARUSNYA NANG..."
2/8/2026,grok,"@chisarmine Ya, untuk karyawan tidak tetap, BPJS Kesehatan, JKK, dan JKM tetap berlaku jika memenuhi..."
2/8/2026,ptdxtr,"Boss, ini gabisa ditanggung bpjs lagi boss"
2/8/2026,grok,"@9H0st66 @prabowo Haha, ayo itung misal matematis! Populasi Indo ±288 juta (est 2026). Miskin ekstre..."
2/8/2026,zerosewan,"ini aku shock bgt pas tau bpjs gratis itu dinonaktifkan, sekarang harus bayar juga tiap bulan💔"
2/8/2026,KhinjarHitam,Mumpung 17T belum disetorkan semuanya. Labih baik Indonesia keluar BoP pak @prabowo . Gunakan 17T u...
2/8/2026,grok,"@9H0st66 @prabowo Ide bagus! RUU Perampasan Aset lagi dibahas DPR sejak Jan 2026, belum disahkan (ma..."
2/8/2026,grok,@Fajhadi @OmJ_J3Nggott Video ini menceritakan ayah yang marah karena RS menolak rawat anaknya (4 thn...
2/8/2026,perssepssi_,"4 thn kedepan , akan selalu mendengarkan tukang jual obat. - Lapangan kerja sulit - Usaha lesu - S..."
2/8/2026,halunakula,Kerasa banget emang pasangan BPJS ini
2/8/2026,yuliatajagih,Tapi voters 02 ini somehow ngga tau deh (ngga kena di otak gw) suatu hari kami lagi ngomongin BPJS ...
2/8/2026,scopamin,Jadi inget dokter bpjs yg lgsg kuminta duel sm SpBM perihal abses submandibula dgn tindakan insisi d...
2/8/2026,bunnynakoo_,Baru ngecek bpjs beneran di non aktifin padahal mama w masih rutin kontrol 🙂 gila nih pemerintah
2/8/2026,lolalol___,Sebuah kamera di masjid merekam momen seorang imam di Indonesia meninggal dunia saat memimpin jemaah...
2/8/2026,OneColdJerr,"riil bgt,kemarin pas ambil rujukan di pendafaran sebelah bpjs nya mbah2 ibu2 bapak2 yang udah tua c..."
2/8/2026,isrkiive,"Jadi inget dulu waktu ibuk chemo bpjs nya juga sempet mati, terus disuruh ngurus kesana kesini. Akhi..."
2/9/2026,grok,"@Delldonk @joekampret1 @KangManto123 @EkoSajaaa Ya, pernyataan Afif Abdillah itu benar berdasarkan l..."
2/9/2026,akuratco,"Menteri Kesehatan, Budi Gunadi Sadikin, menilai kepemilikan kartu kredit dengan limit Rp20 juta menj..."
2/9/2026,riseptiasa,"berobat ke RS bpjs di kasih obat cuma 10 tablet, tapi kontrolnya sebulan kemudian. trus sisanya gima..."
2/9/2026,Metro_TV,DPR bersama Pemerintah resmi menyepakati sejumlah poin krusial untuk menjamin layanan kesehatan bagi...
2/9/2026,TirtoID,Cak Imin Dorong Penguatan BPJS Syariah untuk JKN Berkelanjutan https://t.co/OoD7ebVb8G
2/9/2026,grok,"@sunardi_sun @KangManto123 Afif Abdillah adalah anggota DPRD Kota Medan, Indonesia, yang aktif di is..."
2/9/2026,Fr4nst,"Partai Tipu-Tipu. BPJS PBI aja pemerintah udah gak mampu bayar, apalagi seluruh BPJS gratis. Bahkan ..."
2/9/2026,inilahdotcom,"Anggota Komisi XIII DPR dari Fraksi PDIP, Rieke Diah Pitaloka mengkritik polemik data BPJS yang hari..."
2/9/2026,garudatvnews,𝟭𝟬𝟲 𝗥𝗶𝗯𝘂 𝗣𝗕𝗜 𝗕𝗣𝗝𝗦 𝗞𝗲𝘀𝗲𝗵𝗮𝘁𝗮𝗻 𝗢𝘁𝗼𝗺𝗮𝘁𝗶𝘀 𝗔𝗸𝘁𝗶𝗳 𝗟𝗮𝗴𝗶! 𝗜𝗻𝗶 𝗞𝗮...
2/9/2026,v4nc1_b0zz,Katanya @KemensosRI kalau yg menonaktifkan BPJS adalah Pemda.....lu tau gak kondisi rakyat lu hey @p...
2/9/2026,akuratco,"Menteri Keuangan, Purbaya Yudhi Sadewa, menyoroti penonaktifan serentak 11 juta peserta Penerima Ban..."
2/9/2026,mediaindonesia,Kementerian Sosial menyatakan akan membuka opsi pengaktifan kembali atau reaktivasi otomatis peserta...
2/9/2026,panca66,Capek beliau ngurus sekolah rakyat jadi dimaklumin kalau agak teledor soal BPJS. Iya nga sih!?
2/9/2026,mediaindonesia,"KEMENTERIAN Sosial (Kemensos) menonaktifkan 13,5 juta peserta BPJS Kesehatan dari segmen Penerima Ba..."
2/9/2026,RadioElshinta,Apa yang harus dibenahi dalam pemutakhiran data PBI BPJS agar tidak menimbulkan gejolak? https://t.c...
2/9/2026,RizaRidho,"Total Kopi kekinian melebihi biaya untuk asuransi kesehatan (termasuk bpjs), lebih baik nyeduh nesca..."
2/9/2026,RadioElshinta,#DiskusiInteraktif : Apa yang harus dibenahi dalam pemutakhiran data PBI BPJS agar tidak menimbulkan...
2/9/2026,lidamaulidash,Iya mahal. 600 ribu per bulan per karyawan (asumsi gaji termahal: 12jt). Sebagian besar dibayar oleh...
2/9/2026,prkdlx,Hari ini mantau X isinya: 1. Gaji guru PPPK 15rb/bulan 2. Preman ambil pungli 150jt/tahun dari 1 tru...
2/9/2026,SINDOnews,Peristiwa terkait penonaktifan mendadak kepesertaan BPJS Kesehatan kemudian menjadi perhatian publik...
2/9/2026,kompascom,"BPJS PBI Nonaktif Februari 2026, Begini Cara Cek Status BPJS Kesehatan Lewat HP Klik untuk baca: ht..."
2/9/2026,Metro_TV,Menteri Keuangan Purbaya Yudhi Sadewa menegaskan pemerintah akan beri masa transisi tiga bulan bagi ...
2/9/2026,mediaindonesia,KEBIJAKAN penonaktifan kepesertaan Penerima Bantuan Iuran (PBI) BPJS Kesehatan dinilai berdampak se...
2/9/2026,KemensosRI,"Merespons tanggapan Dirut BPJS, Menteri Sosial Saifullah Yusuf menyebut bahwa pihaknya akan mengakti..."
2/9/2026,KemensosRI,"Direktur Utama BPJS Kesehatan, Ali Ghufron Mukti, menanggapi tentang polemik tentang seoeang pria ya..."
2/9/2026,kompascom,Yayasan Lembaga Konsumen Indonesia (YLKI) melayangkan somasi kepada Kementerian Sosial (Kemensos) im...
2/9/2026,fans_mrprabs,Menteri Keuangan Purbaya Yudhi Sadewa tampak berulang kali menoleh ke Direktur Utama BPJS Kesehatan ...
2/9/2026,facesrearranged,bpjs hebat (belum ditindak) https://t.co/Ceeg0kFw35
2/9/2026,Metro_TV,Pimpinan DPR RI menggelar rapat konsultasi strategis bersama jajaran menteri kabinet untuk menjawab ...
2/9/2026,antaranews,"ANTARA - ANTARA - Ekonomi kemarin, soal BPJS hingga demutualisasi BEI https://t.co/Hd4QPWpxVH http..."
2/9/2026,garudatvnews,𝐑𝐮𝐦𝐚𝐡 𝐒𝐚𝐤𝐢𝐭 𝐃𝐢𝐥𝐚𝐫𝐚𝐧𝐠 𝐓𝐨𝐥𝐚𝐤 𝐏𝐚𝐬𝐢𝐞𝐧 𝐁𝐏𝐉𝐒 𝐏𝐁𝐈-𝐉𝐊 𝐍𝐨𝐧𝐚𝐤𝐭𝐢𝐟...
2/9/2026,infobdg,"Udah dicek BPJS nya, Taruwit? Bisi kumaonam. #infobdg https://t.co/kNxCjGrlyx"
2/9/2026,vierenatirza,Tahun 2022 aku operasi endometriosis dicover full sama BPJS. Tahun ini kambuh lagi penyakitku itu da...
2/9/2026,Delta_tofu,Kl gitu boleh ngga BPJS yg tidak dipakai 1 tahun kt minta cash back ?
2/9/2026,habisberakcebok,Lah si anying ga baca berita pasien rutin pake bpjs tiap bulan tapi tetep dinonaktifkan? Tolol bat
2/9/2026,Melihat_Indo,"BPJS PBI Geger Jutaan Peserta Dinonaktifkan, DPR–Pemerintah Janji Pulihkan dalam 3 Bulan Polemik pe..."
2/9/2026,InvestorID,Menkeu Purbaya Siapkan Rp 15 Miliar untuk Reaktivasi Otomatis PBI BPJS Kesehatan https://t.co/T5lBTm...
2/9/2026,infobdg,Bacaan: https://t.co/1NirBuTWEk
2/9/2026,bullandbear_id,Menkeu #Purbaya kritik BPJS Kesehatan soal penonaktifan mendadak peserta PBI; sebut langkah “konyol”...
2/9/2026,Tan_Mar3M,Lah bpjs nuding kemensos.. Negri para dagelan.
2/9/2026,sarah_pndjtn,"Bukan cuma pemerintah yg jelek, rakyat pun dirugikan. BPJS kynya emang ga becus kelola dana deh. ..."
2/9/2026,garudatvnews,𝗠𝗲𝗻𝗸𝗲𝘂 𝗣𝘂𝗿𝗯𝗮𝘆𝗮 𝗚𝗲𝗿𝗮𝗺 𝗦𝗼𝗮𝗹 𝗦𝘁𝗮𝘁𝘂𝘀 𝗣𝗕𝗜 𝗕𝗣𝗝𝗦 𝗞𝗲𝘀𝗲𝗵𝗮𝘁𝗮𝗻: 𝗞�...
2/9/2026,vsselsoft,px gue 1bln yll masih bisa dirawat pake BPJS PBI terus skrg kondisinya menurun &amp; harus MRS lagi ...
2/9/2026,e100ss,DPR dan Pemerintah Sepakat Layanan BPJS PBI Tetap Aktif di Tiga Bulan Masa Transisi https://t.co/11J...
2/9/2026,grok,@danielntel1 @Metro_TV PBI BPJS adalah singkatan dari Penerima Bantuan Iuran BPJS Kesehatan. Ini pro...
2/9/2026,grok,"@AdiX404 @Mdy_Asmara1701 Berdasarkan data Kementerian Sosial dan BPJS Kesehatan, jumlah peserta BPJS..."
2/9/2026,kompascom,Mensesneg Minta Solusi Masalah BPJS Tak Harus Tunggu Perpres Terbit Klik untuk baca: https://t.co/K...
2/9/2026,merdekadotcom,Keras! Rieke PDIP Soroti PBI BPJS Nonaktif: Data Kemiskinan Indonesia Mengejutkan https://t.co/fVxTb...
2/9/2026,nanyasamasiapa,Tas kucing https://t.co/yYKKOM0112 shopee biaya haji rekom spill senin kerja Liverpool jnjm best sid...
2/9/2026,pernah_ganteng9,"@MiskinTV_ Inget judulnya, 'penghasilan'. Artinya MBG adalah bisnis. Bisnis yg udah buat anak kalia..."
2/9/2026,alfatih212426,Beginilah seharusnya kementrian sosial bukan malang menghilangkan 11 juta daftar Penerima BPJS mengu...
2/9/2026,yohanesind,Belakangan gw lebih suka sharing produk asuransi sakit kritis dibanding kesehatan. Karena alasan ini...
2/9/2026,TRTindonesia,Pemerintah memastikan layanan cuci darah bagi peserta PBI-JK BPJS Kesehatan yang sempat dinonaktifka...
2/9/2026,detikHealth,Video Menkes Ungkap Risiko Fatal bagi Pasien PBI BPJS Jika Layanan Kesehatan Terhenti https://t.co/m...
2/9/2026,IDNTimesBali,6.786 Peserta BPJS PBI JK di Tabanan Dinonaktifkan per Februari 2026 https://t.co/wdiHzqDRBt
2/9/2026,choiaengdoo,"lah orang skrg penyakit yg dicover bpjs aja udah harus yg gawat darurat bgt/membahayakan nyawa, ini ..."
2/9/2026,naleraja,Bertaruh Nyawa Pasien BPJS https://t.co/rgSrgZ49pM
2/9/2026,PecintaJamurOri,"🗣: ""HIDUP JOKOWIIIIIII ✊️"" Penonaktifan 11 Juta PBI BPJS Picu Kegaduhan, Purbaya Buka Suara https:/..."
2/9/2026,user_aya1,"Lihat kondisi bawah bro, mereka yang dapet PBI kadang buat makan aja susah, apalagi mau naikin bpjs ..."
2/9/2026,VerenaSusilowa1,Terus uang kemana pak Mentri kalau pengeluaran sama tapi bpjs PBI d nonaktifkan
2/9/2026,kompascom,Menkes Minta Validasi Peserta BPJS PBI: Pemilik Kartu Kredit Limit Rp 20 Juta Harusnya Nggak Dapat h...
2/9/2026,alineadotid,Menteri Keuangan Republik Indonesia Purbaya Yudhi Sadewa menyoroti pemutakhiran data PBI JKN BPJS Ke...
2/9/2026,kompascom,Menteri Keuangan (Menkeu) Purbaya Yudhi Sadewa mengutarakan kekesalannya mengenai penonaktifan 11 ju...
2/9/2026,PaltiWest,Menkes Menyalahi Amanat UU Karena Menggunakan Nomenklatur Berbeda Dengan Skema Lain Bukan PBI.. Ter...
2/9/2026,mediaindonesia,"DIREKTUR Utama BPJS Kesehatan, Ali Ghufron Mukti menegaskan bahwa fasilitas kesehatan (faskes) maup..."
2/9/2026,detikHealth,Momen Purbaya Semprit BPJS usai Viral Pasien Tak Bisa Berobat gegara PBI Nonaktif https://t.co/wOy3U...
2/9/2026,Gilang_Cakti,"BPJS : Sakitnya hari ini diobatinnya kapan-kapan! Pernah ngga lu dateng buat berobat, malah disuruh..."
2/9/2026,DoankWarto,"Bukankah pasien yang anggota BPJS itu juga bayar iuran, itu bukan gratis pak ? Di Indonesia itu apa..."
2/9/2026,buluslg,"Memang aneh juga Kemensos dan BPJS Kesehatan ini, tiba2 menonaktifkan peserta PBI tanpa ada pemberit..."
2/9/2026,sumpanto,Kalo demikian mundur saja dari Dirut BPJS... BPJS kesehatan dibentuk untuk melayani masyarakat Indon...
2/9/2026,akunbolabola,"Hari ini Bokap rawat inap di RS. BPJS Keluarga udah ambil yang kelas 1, yang iurannya paling mahal. ..."
2/9/2026,Mudjibur_Rohman,"Saking mahalnya, BPJS Kesehatan sampe bangkrut ya pak... -:)"
2/9/2026,GoNewsdotco,"Solusi Cepat Presiden Prabowo, Penghapusan Tagihan BPJS Kelas 3 Masuki Tahap Final https://t.co/WuPu..."
2/9/2026,RadioElshinta,Pemerintah Jamin Layanan Kesehatan Peserta PBI BPJS Tetap Berjalan di Tengah Pemutakhiran Data Jaka...
2/9/2026,gemiawfot,"gapaham lg ini bagus bgt bgt bgttt!!!! kak nayyyy ayo sakitin ak lagii, ak udh siapin bpjs kok🤗"
2/10/2026,Bisniscom,Mensos Sebut Reaktivasi Otomatis 106 Ribu Pasien Sakit Berat di BPJS PBI Menteri Sosial (Mensos) Sai...
2/10/2026,WagimanDeep212_,"BPJS Kesehatan kena semprot keras menteri Purbaya setelah ramai PBI Nonaktif ""Saya Rugi Banyak, Imag..."
2/10/2026,Metro_TV,Heboh sejumlah peserta Penerima Bantuan Iuran Jaminan Kesehatan (PBI JK) BPJS Kesehatan yang tiba-ti...
2/10/2026,is_pelssy,"Astaghfirullah terlepas dari carut marut penataan negara soal pengobatan lewat BPJS, namun yg jadi c..."
2/10/2026,Cenalistm,"DEMI APA.. KAGET GA KALIAN..‼️😭 Ratu dari ""Brand Lokal Flatshoes"" dengan ""Harga Affordable Versi (..."
2/10/2026,Gerindra,Menkes: Iuran BPJS PBI untuk Pasien Kronis Ditanggung Pemerintah selama 3 Bulan https://t.co/yW0rQrY...
2/10/2026,Metro_TV,Menteri Sosial Saifullah Yusuf merespons pernyataan mengenai kebijakan penonaktifan massal peserta P...
2/10/2026,ariefrasyad,"Bayangkan dalam kondisi sakit, kamu harus berpindah dari satu gedung ke gedung lain hanya untuk meng..."
2/10/2026,grok,@AbdulMujib_am @Bisniscom Lima anggota Dewan Pengawas BPJS Kesehatan periode 2026-2031 yang ditetapk...
2/10/2026,Jateng_Twit,Ibu ibu BPJS itu apa pernah langsung terjun ke RS2 di daerah2? https://t.co/eRJd52HpWy
2/10/2026,itstime4changed,"perlu dikulik nih beban pegawai BPJS itu berapa per bulan lalu aja deh, direksinya aja foya2 ga pake..."
2/10/2026,officialinews_,"Mensos Ungkap BPJS PBI Tak Tepat Sasaran, 54 Juta Warga Miskin Belum Tercover https://t.co/MWwUavazc..."
2/10/2026,KediriFess,"Cah, cabut dan nambal gigi bolong i bisa di cover bpjs kah? Dan yaapa alur e? Makasih cah"
2/10/2026,punklestine,Min ini iklan BPJS atau mbg ? 😝
2/10/2026,RadioElshinta,Mensos Gus Ipul: BPJS PBI Pasien Penyakit Kronis Aktif Per Hari Ini. Menteri Sosial Saifullah Yusu...
2/10/2026,KemensosRI,Sebanyak 106.000 peserta BPJS Kesehatan segmen PBI-JK dengan penyakit katastropik atau kronis yang s...
2/10/2026,Nadyamulyadi,"@ferizandra Soal BPJS, bilangnya “kan biar subsidinya tepat sasaran…” Tapi belain MBG, padahal kalo..."
2/10/2026,mediaindonesia,SEBANYAk 106 ribu peserta BPJS Kesehatan segmen Penerima Bantuan Iuran (PBI) yang mengidap penyakit ...
2/10/2026,grok,"@ASN_UnderCover @bangherwin Menurut data terbaru dari diskusi DPR Februari 2026, total peserta PBI B..."
2/10/2026,_Haris_Srg,"Data2 KK miskin utk BPJS PBI, PIP, KIP Kuliah dan PKH byk yg gak benar. Yg tergolong mampupun terdat..."
2/10/2026,mediaindonesia,"Menteri Sosial Syaifullah Yusuf menyatakan, langkah darurat ini diambil pemerintah untuk menjamin ke..."
2/10/2026,BPJSTKinfo,Selamat kepada 10 pemenang Quiz Tebak iuran Pak Tani! Masing-masing akan dapat e-wallet Rp200.000 🥳...
2/10/2026,julitaps,"Huahhhh hidup w gini banget, kesehatan bener bener mahal. Fakkkk seharga mobil melayang dalam sekeja..."
2/10/2026,kompascom,"270.000 BPJS Kesehatan PBI di Jakarta Dinonaktifkan, Begini Cara Cek Statusnya ~SN Klik untuk baca:..."
2/10/2026,_Haris_Srg,"Contoh, seseorg merokok perhari 15ribu (perbungkus rokok murah). Sebln 450ribu. Sementara iuran BPJS..."
2/10/2026,nanyasamasiapa,Kacang macadamia https://t.co/WdNWr1cJcY rekom spill jnjm best side film afc futsal asian cup blok m...
2/10/2026,knocteart,"BPJS yg mandiri y bayar sendiri/bulan, kocak. yg PBI kan gratis di pesertanya, tp secara sistem jg a..."
2/10/2026,fajaronline,"Dirut BPJS Disorot Usai Sebut Biaya Kesehatan Mahal: Dibayar Pajak, Bukan Kalian yang Bayar! https:/..."
2/10/2026,knocteart,"mampu karena ga pake BPJS? karena bayar mandiri? yg bener aja, boy."
2/10/2026,Naandaa27,Dengarkan baik-baik videonya ! Dinonaktifkannya BPJS PBI adalah berdasarkan Instruksi Presiden ! Ya...
2/10/2026,vit_dn,Pemerintah emang goblok dan cacat logikakok bisa alasan menonaktifkan bpjs krn g pernah dipakai jd ...
2/10/2026,w1ndyra1n,"Mencoba untuk tetap sehat, karena sebulan pasca phk, bpjs udah ga aktif. Harus urus bpjs mandiri, n..."
2/10/2026,unsfesss,"Guyss yang pernah scalling di medcen mau tanya dong, itu alur pendaftarannya gimana yaa? dan itu ben..."
2/10/2026,najmifuady,"BPJS diblokir, administrasi berantakan. Dejavu gaya lama. Pantes dulu SK PWNU-PCNU banyak yang gak k..."
2/10/2026,mediaindonesia,GUBERNUR DKI Jakarta Pramono Anung memberikan jaminan keamanan bagi 270.000 warga Jakarta pemegang k...
2/10/2026,_Haris_Srg,"Hulu dari data KK Miskin yg gak benar ini berawal dari kelurahan. Tanpa verifikasi, tanpa survey yg..."
2/10/2026,kompascom,"Sejak pagi buta, warga sudah memadati Mall Pelayanan Publik (MPP) Kota Yogyakarta. Mereka datang den..."
2/10/2026,_cenk90E,"Kedudukan dari BPJS Kesehatan langsung di bawah Presiden, bukan di bawah kementerian/lembaga Jadi p..."
2/10/2026,grok,"@johnjayje @Gunawan75_ Orang di gambar itu adalah Muhammad Jusuf Kalla (JK), mantan Wakil Presiden I..."
2/10/2026,rmol_id,Gus Ipul: 106 Ribu Peserta BPJS PBI Penyakit Kronis Sudah Direaktivasi https://t.co/8FIyPk4YLn
2/10/2026,Gerindra,Sebanyak 270 ribu peserta Penerima Bantuan Iuran BPJS Kesehatan di Jakarta terdampak kebijakan pemer...
2/10/2026,ChatJBT,Bukan salah BPJS~
2/10/2026,bekilapan,"Entah harus bilang apa untuk pejabat seperti ini, apa iya goblok atau bego. Klo BPJS gak digunakan i..."
2/10/2026,todayisdestehny,"H-1 fansign, bpjs nya tiba2 nonaktif, panik lu😭"
2/10/2026,ebeidou,saran psikolog gw bener-bener susah banget buat gw lakuin. perbaikin hubungan &amp; komunikasi sama...
2/10/2026,whee_inmooheart,Serius nanya bpjs masih bisa dipake kan?
2/10/2026,altramilk,Lah harusnya seneng dong bpjs kagak dipake berarti RAKYAT lo pada SEHAT kagak SAKIT ini malah di sto...
2/10/2026,innuuuuuuu,"Seharian diluar, dan bosque ngasih quote antik ""hari ini kita tidak produktif"" Efek seharian full di..."
2/10/2026,WaspadaOnline,Johannes Hutagalung Warning BPJS Kesehatan: Jangan Monopoli Apotek Layani Obat PRB https://t.co/4n57...
2/10/2026,Zeus_fellow,"Kasian begalnya, dia nyari uang buat kebutuhan keluarga. Polisi kan masih bisa berobat pake bpjs kal..."
2/10/2026,hsnsh_1997,Gerak cepat Pimpinan DPR; Peserta BPJS PBI non aktif tetap harus di layani. . Naik Gofar Haruka Eige...
2/10/2026,Sparklinglemonn,LUCU BGT BENERAN GUE GAKUATTWBBGTSGDBDJJSBDJEBDJSBDJEHDJEHDJEHD BPJS TIDAK BISA MENCOVER KORBAN KEIM...
2/10/2026,UntamenMilky,hufftt another day ditinggal tidur
2/10/2026,humanismmrr,"Halo min, ayahku ikut bpjs pbi dan memang beberapa tahun ini rutin kontrol ke poli jantung, tp kenap..."
2/10/2026,sooooodizzy,"halah paling bpjs yg pbi nonaktif krn dana dinkes diserep buat mbg, udah gausa kaget tar kalau layan..."
2/10/2026,KwanKhong,ini kenapa skr 1 KK akun Mobile JMO nya pisah pisah yah. kaget tadi cek mobile JKN kok nama bokap ga...
2/10/2026,jayhanibaram,"Kemaren sempat telat gitu pembayaran, terus pas berobat, kartu ga aktif kata perawatnya padahal udah..."
2/10/2026,kopipolitik1,Disertasi Doktoral Ungkap Strategi Perbaikan Kualitas Layanan BPJS Ketenagakerjaan Berbasis SDM dan ...
2/10/2026,ichaciing,Ini kalo sesuai gajiku masuknya desil 5. Tapi alhamdulillah masih sanggup bayar bpjs sekeluarga wala...
2/10/2026,corebuzzer,Siapa yg BPJS PBI nya kena shut down Kemensos?
2/10/2026,SINDOnews,Sejumlah warga dilaporkan menghadapi kondisi darurat akibat status kepesertaan BPJS Kesehatan Peneri...
2/10/2026,BBCIndonesia,Sebanyak 11 juta peserta PBI BPJS Kesehatan mendadak nonaktif. Ini menyebabkan banyak pasein tidak b...
2/10/2026,nanyasamasiapa,Bedong bayi https://t.co/XypFf0BXzm rekom spill jnjm best side film afc futsal asian cup blok m duol...
2/10/2026,kanalaceh,Aceh Usul 500 Ribu Jiwa Peserta BPJS Terdampak Bencana Ditanggung APBN https://t.co/933TvMIPVf
2/10/2026,JantunGPiisanG,Ali ghufron tetap tersenyum dengan menikmati gaji besarnya walaupun sistem BPJS kesehatan morat-mari...
2/10/2026,golbachgoals,"DPR Rapat Bareng Menkes, Mensos hingga Purbaya Bahas Kisruh BPJS PBI #PrabowoSubianto #KabinetMerahP..."
2/10/2026,kodokunoshinja,"bpjs dipotong buat mbg, siswa makan mbg sampe dilarikan ke rs yang bener aja deh"
2/10/2026,alwitjandr12454,Psi programnya bpjs gratis ...nanti tolong uki jawab ya
2/10/2026,perssepssi_,"Yang memblokir PBI BPJS siapa, tinggal dipecat saja. Jelas terindikasi korup! https://t.co/wptNVRI..."
2/10/2026,JNikodio,"Jatahnya 3 hari sembuh atau tidak pulang. Sekarang, jaga kesehatan jangan sampai sakit. Bahkan, pasi..."
2/10/2026,RatnaPuspi16942,Yg murah itu Kesehatan Pak &amp; yg Mahal itu Sakit. Mengapa Org2 yg tdk gunakan Kartu BPJS krn Seha...
2/10/2026,nanyasamasiapa,Obat alergi tanpa ngantuk https://t.co/fOual7k4ok rekom spill senin Liverpool jnjm best side film af...
2/10/2026,rhmwnindra,"@fajarnugros Brengsek ini BPJS sama Kemensos ini, kan mereka yg non-aktifin sepihak, kenapa gak bisa..."
2/10/2026,hsnsh_1997,Sufmi Dasco Rapat konsutasi bahas soal BPJS . . Naik Gofar Haruka Eiger Mohan Eiger https://t.co/X9...
2/10/2026,dedeandreaa,"Tpi bapaknya masa pake PBI, bkn BPJS berbayar? Td pas d puskesmas jg bnyk yg PBI nya off Dsrh k BPJ..."
2/10/2026,lentera,"Polanya sama. Dulu, blokir rekening dulu, nanti biarkan yang diblokir minta klarifikasi. Setelah orang heboh, kebijakan diubah lagi. Sekarang, non aktifkan aja PBI BPJS sejumlah sekian, yg keberatan akan ngurus ulang. Dua kebijakan, sama hasilnya: heboh, ribut, ralat"
2/10/2026,BeritaTrendID,"Pemerintah mereaktivasi otomatis kepesertaan 106 ribu pasien penyakit kronis penerima PBI BPJS Kesehatan. Langkah ini diambil menyusul penyesuaian data kepesertaan nasional, dengan prioritas pada pasien penyakit katastropik agar layanan pengobatan tetap berlanjut. https://t.co/kAO75Z9v3r"
2/10/2026,DgGuruEnglish,"@bangherwin Saya yakin kita memang msh banyak yg miskin, tapi tdk sedikit juga yg bohong soal BPJS PBI ini. Sy kenal bbrp orang yg mampu tapi msh byr BPJS kategori ini. Bahkan ada dr mrk yg sambil ketawa ngomong untuk apa byr mahal."
2/10/2026,Naandaa27,"Dengarkan baik-baik videonya ! Dinonaktifkannya BPJS PBI adalah berdasarkan Instruksi Presiden ! Ya Allah pak, tega bener sm rakyat. Emang uang utk BPJS PBI mau dipakai utk apa ? Utk iuran BoP atau utk MBG ? jujur itu utama ! ------ Tidur Man United Naik. Issue No. 7 https://t.co/71nh5zOMm5"
2/10/2026,amrudinnejad_,"Saat Bencana bikin kebijakan Donasi harus lapor mensos, Rame. Saat BPJS PBI dinonaktifkan ternyata Mensos juga, Rame lagi Isone gawe Ontran-ontran terus"
2/10/2026,penatumpul76,Serius nih....aktif lagi BPJS PBI nenek aku.
2/10/2026,humanismmrr,"Halo min, ayahku ikut bpjs pbi dan memang beberapa tahun ini rutin kontrol ke poli jantung, tp kenapa ya ini td pas mau ambil antrian di poli lewat jkn tibatiba bpjsnya non aktif? @BPJSKesehatanRI"
2/10/2026,FLCKR_ID,"@LebakBulusLRT @polisiolahraga Betul alokasi anggaran tapi fokus ke masalah PBI BPJS, jangan jilat ludah sendiri ya 😜😜😜 Atau jangan-jangan lu gak paham apa yg lu tulis?? 🤣🤣🤣 https://t.co/viGuvQ1jEl"
2/10/2026,raratriw,@Bambangmulyonoo Kalau bilang malah -11juta. Karena 11 kuta orng bpjs pbi semua distop sama ni de jali jali
2/10/2026,truly_review,@kompascom setelah bikin kegaduhan lewat penonaktifkan BPJS PBI rakyat disumpal mulutnya pakai bansos ini terbukti efektif sejak jaman mas joko. Hidup PRABODOH 😂
2/10/2026,mediaindonesia,"Menteri Sosial Syaifullah Yusuf menyatakan, langkah darurat ini diambil pemerintah untuk menjamin kelangsungan pengobatan pasien penyakit katastropik yang sempat terputus akibat proses pemutakhiran data nasional. https://t.co/rVcYKobDNP"
2/10/2026,Raeraraera,"Waahh keren wowo @prabowo mbg berhasil memperkaya anak wakil ketua DPRD. Sementara itu rakyat kecil ngga mampu mendapat akses kesehatan krn 13,5 juta peserta BPJS kesehatan PBI dinonaktifkan. Hiiduuupp jokoweeeyyy @bang_dasco @puanmaharani_ri @Gerindra"
2/10/2026,grok,"@johnjayje @Gunawan75_ Orang di gambar itu adalah Muhammad Jusuf Kalla (JK), mantan Wakil Presiden Indonesia (2004-2009 &amp; 2014-2019). Saat ini, ia menjabat sebagai Ketua Umum PMI. Postingan tersebut tampaknya menuduhnya terkait kontroversi penonaktifan peserta BPJS PBI JK, meskipun penonaktifan"
2/10/2026,teardi_,"Bbrp tetangga saya yg lansia malah terbentur dengan pelayanan kesehatan via BPJS. Lebih parah, malah PBI main dinonaktifkan tanpa sosialisasi. Makin hari makin jijik dgn para belatung yg menggerogoti negara! Semakin tidak ada malunya memanfaatkan program bancakan ìtu!"
2/10/2026,rundimasrun,"@ARSIPAJA Punya CC berapapun limitnya harusnya udah auto blacklist PBI lah. Masa PBI punya CC? Kalaupun pernah berkecukupan terus jatuh miskin, tetep gak make sense. Kalau asuransi swasta aja bisa cek data debitur, harusnya BPJS juga bisa dong karena masih masuk kategori asuransi."
2/10/2026,nayaposadas,"@tanyarlfes Kagak bayar iuran bpjs? sekarang kagak ada pbi, belum arisan trs iuran² komplek, uang darurat misal jenguk tmn ato nikahan, beli lem buat sepatu ato benang buat jahit? Pembalut? Lipe? Parfume? kerja masa apek, batre jam? Infaq? Tisu? Minyak telon? Obat batuk pilek? Betadine?"
2/10/2026,mutajir_mohamat,"@ARSIPAJA Harusnya bayar iuran dong, punya kartu kredit limit 20 juta, berarti lu punya penghasilan tetap dong, minimal 10-15 jutaan. Masa pake BPJS PBI, terlalu kau jon.."
2/10/2026,BrewGidion,@KemensosRI punya saya desil 4 tiba2 non aktif saat pas mau anak mau di oprasi..akhir nya pindah ke mandiri ..sekrang harus berobat rutin 2 minggu sekali..tolong bantuan nya pindahin lagi ke bpjs pbi
2/10/2026,LebakBulusLRT,"@RedanZamma @ferizandra MBG fokus pada pemenuhan gizi anak bangsa, terutama bagi yang tidak mampu memenuhi gizi anak. BPJS PBI diberikan kepada yang tidak mampu membiayai kesehatan. Sumber dana? Sudah diketahui bahwa MBG merebut ruang fiskal untuk pendidikan, kesehatan, hingga infrastruktur"
2/11/2026,grok,"@gaming_nan74986 @somexthread Ya, pernyataan serupa disampaikan Afif Abdillah (anggota DPRD Medan) dalam wawancara, bahwa BPJS PBI bisa dinonaktifkan jika tak digunakan, karena dianggap mampu. Tapi menurut kebijakan resmi BPJS, penonaktifan berdasarkan data ekonomi DTKS, bukan penggunaan. Gambar mungkin edit"
2/11/2026,amrudinnejad_,"Anggaranya tetap, cuma ada 11 Juta Penerima BPJS PBI yang dinonaktifkan, gitu?"
2/11/2026,mariadi63425147,"@somexthread Inilah cth sadisnya kelakuan si omon2 pengkhianat, brsekutu dg pembohong dan perusak, si omon2 jg tdk kalah pembohonh dan sadis. BPJS PBI di cabutnya mll inpres diam2.. Bnyk nyawa n keselamatan rkyt kecil terancam tdk dpt rawatan krna ditolak rumah sakit:https://t.co/itW50tgUhg"
2/11/2026,folkpolitcs,Menkes Ungkap 1.824 Orang Kaya Masih Terima PBI BPJS: Hei Anda Mampu! https://t.co/clBbEgxhw2
2/11/2026,mariadi63425147,@somexthread Tuh salah satu kelakuan si omon2 pelanggar HAM : mencabut BPJS PBI dg inpres nya scr diam2:
2/11/2026,nasibusuq,@susipudjiastuti @Metro_TV pekok owk bu dia...omon omon..banyak cangkem..yg dikerjakan bpjs cuman paranoid ke RS terus selama ini...pdhl dia aja nggak prnh update rutin seleksi ke lapangan anggota PBI...bodoh mmg
2/11/2026,MDjancuk,"Ini kemaren KEMENSOS gimana ngedata nya woy, Giliran yg membutuhkan BPJS PBI malah dinonaktifkan, giliran orang yang kaya masih dapat subsidi BPJS PBI 😠"
2/11/2026,BNatawijaya,kata temen yg kerja di RS terima pasian PBJS PBI -&gt; tagihan sulit dan dipotong tolak pasien BPJS PBI -&gt; viral dan disanki pemerintah. nasib lah wkwkwk
2/11/2026,antimunafic,@kompascom Pasukan berani malu dari divisi longdress Petamburan kenapa ga dikirim ke Gaza. Bisa ngurangi kepesertaan PBI BPJS
2/11/2026,mudzakirmanaf,Buka twiter pagi² malah bikin stress  Isinya korban perkosaan tokoh terkenal Siswa yang keracunan mbg  Banjir bandang Ribut bpjs pbi belum selesai
2/11/2026,mutajir_mohamat,"@somexthread Intinya simpel, uang BPJS PBI lu mau dialihkan ke MBG. Sejahat itu emang rezim prabocor sama rakyat miskin."
2/11/2026,whephe,@rimapurwasih ada hak 11 juta pengguna bpjs pbi di makanan yang dibuang itu
2/11/2026,KompasTV,Menkes Sebut 1.824 Warga Terkaya Masih Terima Subsidi BPJS PBI: Harusnya Bayar Iuran Mandiri
2/11/2026,biangproject_,Menteri Kesehatan (Menkes) Budi Gunadi Sadikin menyebut sebanyak 1.824 'orang kaya' menerima BPJS Bantuan Iuran Jaminan Kesehatan Nasional atau PBI JKN
2/11/2026,BangEddy67,"@direktoridosen @BPJSKesehatanRI waktu itu sudah ada rapat dari BPJS, Menkeu, Menkes dan Mensos dengan komisi 3 DPR dan hasilnya PBI akan diaktifkan kembali, tapi sayang yang menjadi biang keributannya tidak diberikan sangsi apa2 .. aman jabatan dan aman kantongnya"
2/11/2026,rekatnaren,maruk pemerentah udunan bayarin pbi bpjs wkwkwk
2/11/2026,lonetea27874,"@pelti_nih Waduh, urusan BPJS PBI mati ini emang bikin tensi naik lebih cepet daripada cicilan pinjol ya! Kemenkes, Kemensos, sama BPJS udah kayak grup dance gagal—gerakannya gak ada yang sinkron, sibuk oper-operan tanggung jawab kayak main bola bekel!"
2/11/2026,gangsterrandom,"@Urrangawak @javanattydread Ini orang bloon. BPJS itu sdh jd kewajiban rakyat untuk menjadi peserta, jadi spy BPJS aktif maka rakyat disuruh sakit gitu ta? Gw sdh lama jadi peserta BPJS non PBI tp gak pernah gunakan krn gk pernah sakit lalu akan dinonaktifkan gitu, beneran gk paham BPJS rupanya dia"
2/11/2026,florence1302,@Naandaa27 ATM 3bln puasa dibekukan Bpjs pbi 1th ngga dipakai dinonaktifkan Trs mau apalagi selanjutnya?
2/12/2026,IqrawanB,Apa urgensinya menonaktifkan BPJS PBI?
2/12/2026,tubanesse_man,"@kompascom Ooh, ternyata selama ini pegawai BPJS yang urus data PBI ga digaji? Pantesan saja datanya ngaco. Jangan2 gaji utk mereka juga disedot oleh dapur-dapur MBG."
2/12/2026,ferizandra,"Dia punya data 1.824 orang kaya terima PBI BPJS Kesehatan, kenapa gak itu aja yg dinonaktifkan...? Koq, malah mengorbankan jutaan orang lain yg juga menerima PBI BPJS Kesehatan...? 🤔"
2/12/2026,RadioElshinta,Polemik BPJS PBI: Pemerintah Saling Lempar Tanggung Jawab
2/12/2026,im_dinaa,"@tempodotco Nah itu bisa ngetrack 1824 orang kaya jadi peserta PBI? Kok malah nonaktifin semua pengguna BPJS PBI, ngeribetin."
2/12/2026,rmol_id,"11 Juta PBI BPJS Dihapus, Strategi Politik?"
2/12/2026,VIVAcoid,"Menteri Kesehatan (Menkes), Budi Gunadi Sadikin mengatakan orang kaya yang masuk golongan desil 10 seharusnya membayar iuran BPJS Kesehatan secara mandiri dan tidak masuk Penerima Bantuan Iuran Jaminan Kesehatan (PBI JK). Berdasarkan data yang diperoleh, Budi menyebut masih https://t.co/iKT1ptGg39"
2/12/2026,Budionotaslim3,"@BosPurwa @prabowo Apakah Presiden berani klarifikasi ini bahwa peserta BPJS PBI sebanyak 11jt peserta dinon aktifkan berdasarkan INPRES berarti ditanda tangani Presiden,drpd buat INPRES Komisaris2an,Stafsus,Tantiem,Tunjangan Pejabat Negara termasuk Anggota DPR anggaran dikurangi saja"
2/12/2026,HMMurah3,"Saya Gaji Duite Rakyat Pembayar Iuran  Dirut BPJS Kesehatan ke Anggota DPR: Kalau Bisa Tangani Data PBI, Saya Gaji!"
2/12/2026,BosPurwa,"Jadi, total 11 juta peserta BPJS PBI itu dinonaktifkan berdasarkan intruksi presiden (inpres) @prabowo? Wow.. Klo orang awam ya pasti mikirnya ini demi program kesayangan.. MBG https://t.co/xKgGaBGZ9O"
2/12/2026,Rufix98,Menteri koplak gara beberapa orang kaya 11 juta PBI BPJS di stop sementara presiden nya bilang MBG tetap di lanjut kan walau sudah ratusan / ribuan anak keracunan...
2/12/2026,ArtoJumi14084,@P3gEl 1. MBG terus dijalankan yg diuntungkan pejabat BGN dan pemilik SPPG.  2. BPJS PBI di nonaktifkan yg di untungkan Pejabat BPJS dan Pemerintah.  3. MBG dan non aktifnya BPJS PBI yang di rugikan Rakyat. 4. Jadi Rakyat itu tumbal dan dijadikan lahan bisnis para Mafia.
2/12/2026,Sgrdamai,@RaniKancana Kelas 3 kok bisa dialihkan ke PBI??? Apa ini artinya orang bpjs yg maladministrasi? Emang benar lain kali memilih pemimpin itu harus benar² dipikirkan
2/12/2026,RaniKancana,"Kisruh BPJS itu bukan hanya menimpa yg gak bayar, yg kelas 3 pun, bulan ini tbtb dialihkan ke PBI.  Kk ku ngalami, pas mau bayar, gak bisa. Aku suruh benerin lg ke BPJS bayar. Nanti malah dinonaktifkan."
2/12/2026,freudesch,Mentalan gini adalah mentalan orang yang ngga sakit jg ya casually aja med check rutin (dan bayar sendiri) yang mana jarang dilakuin orang2 yang pakai BPJS PBI karena ya ke rs = sakit parah
2/12/2026,bambigyupi,Prabowo tau ga ya.. karena dia ada masyarakat yang sampe nginep hampir dua malem di rs karena dilempar kesana sini tanpa kejelasan. Dengan kondisi pasien udah sesak napas banget dan ditangani seadanya dulu karena BPJS PBI mati..
2/12/2026,CNNIndonesia,"95 Ribu BPJS PBI Dinonaktifkan, Dinsos Kab Tangerang Layani Reaktivasi https://t.co/V4XTo8bM5f"
2/13/2026,jengglongan,"Error bgt logika prabowo, Dia mindahin 40% anggaran pendidikan yg harusnya buat gaji guru honorer  Dia hentikan PBI BPJS Kes  Itu semua buat MBG tapi dia alesannya korupsi"
2/13/2026,RasputinYon,Legislator NasDem Kecam Penonaktifan Belasan Juta PBI BPJS https://t.co/ULrfnXdQh8
2/13/2026,didihusadiwong,"@nalar_logis @kompascom Percayalah jika salah sajikan data rakyat miskin akn bermasalah dlm ambil kebijakan data sbb: BPS &lt;10% --&gt; 25jt pddk WORLD BANK ±60%--&gt;190jt PBI BPJS ±100jt  Jika pakai BPS akn kisruh terus,begitu jg utk subsidi Gas,ambyaar! Benahi dan sepakati dulu definisi miskin agr tdk kisruh"
2/13/2026,didihusadiwong,"@kompascom Setelah geger nasional sekarang bersembunyi semua! 🤣 Percayalah jika salah sajikan data rakyat miskin akn bermasalah dlm ambil kebijakan data sbb: BPS &lt;10% --&gt; 25jt pddk WORLD BANK ±60%--&gt;190jt PBI BPJS ±100jt  Jika pakai BPS akn kisruh terus! Begitu jg utk subsidi Gas,ambyaar!"
2/13/2026,AiraNtiePuspa,"Ini kumpulan manusia apa sbnrnya Pak ...coba buka kamus KBBI trus cari arti kata pajak! Yg bayar pajak itu kami pak,para rakyat jelantah yg tata kelolanya salah satunya utk mengcover biaya BPJS PBI Tulisannya emang dibayar negara, tp salah satu pendapatan negara adlh pajak!"
2/13/2026,denni_sauya,"🥺🥺 JAHAT, seorang penjual es keliling dgn penghasilan Rp30 ribu per hari dicoret dari peserta BPJS PBI karena dianggap mampu oleh dinas sosial. https://t.co/jyEgrfD3ky"
2/15/2026,sitinrlla,"@tanyarlfes Smga anaknya sgra ditangani serius. Klo urusan anak udh kelar, jgn lupa segera urus BPJSnya. Pindah aja ke BPJS yg gratis (PBI) tinggal minta pengantar dr RT trs urus di kelurahan. Hrs mau gerak dan repot dikit. Juga ga perlu gengsi pindah ke PBI klo emang udh ga sanggup byr"
2/15/2026,hanhan5555,"@tanyarlfes Kalau di puskesmas biayanya InsyaAllah masih lebih terjangkau drpd di rs kak... Cuma mungkin nnti klo trnyata parah dan perlu di rujuk, butuh bpjs PBI, jadi segera sambil urus bpjs nya ya kak. Semangat"
2/15/2026,hanhan5555,"@tanyarlfes Segera urus ganti PBI kak bpjs nya. Mungkin gabisa langsung dipakai aku kurang tahu. Tp coba ke puskesmas yg ada ranap nya, seengganya bs di infus dlu krn anak butuh cairan, sambil urus bpjs PBI.  Org2 yg pada komen tlg lebih empati, jgn hujat. Ibunya sdh panik&amp;bingung."
2/15/2026,EastDawn2,"@MurtadhaOne1 Pemerintah ga ngerti prioritas. Punya duit buat sosialisasi kebijakan indo ke luar negeri, tapi ga punya duit utk sosialisasi kebijakan di dlm negeri utk rakyat sendiri. Contoh, main potong keanggotaan BPJS PBI, ga ada penjelasan gak ada sosialiasi, 11 jutaan masyarakat kelabakan"
2/15/2026,soonbanyakduit,"@tanyarlfes Hari ini langsung bawa puskesmas nder! Jangan tunggu dedeknya bangun (takutnya itu bukan tidur, tapi lemes karna ga ada makan minum yg masuk + muntah2). Kalau takut biaya, puskesmas lebih murah biayanya dibanding RS.  Next langsung urus pindah bpjs mandiri ke PBI nder."
2/15/2026,didihusadiwong,@RadioElshinta Jka benar klaim BPS klo angka kemiskinan ±25 jt jiwa maka tdk salah yg diucapkan @GuruGembull  Perbaiki data kemiskinan lihat versi² sbb : BPS ±25 Jt PBI BPJS ±100 Jt Bank Dunia ±60%(190 jt) Pakailah data riil dilapang minimal data PBI-BPJS dikombinasikan dg data Dorld Bank
2/15/2026,mwmwgie,"@tanyarlfes Langsung ke puskesmas aja nder, kalo diare jangan ditunggu lama apalagi bayi, takutnya makin parah. Langsung aja ke faskes 1, abis itu baru urus bpjs nya biar bisa pbi"
2/15/2026,FaridMaretan,@OposisiCerdas Itu mah emang sengaja mau mwnjatuhkan pemerintahan pak prabowo..karna rakyat nga bs difitnah br dah minta maaf..anda itu walkot masa nga tau persoalan PBI BPJS..nga mungkinlah pa presiden menghentikan PBI BPJS
2/15/2026,didihusadiwong,@tempodotco Data kemiskinanan acak kadut! BPS ±25 jt  PBI BPJS ±100 jt Bank Dunia ±190 jt Jika data/informasi ttg kemiskinan salah mirip dokter yg salah berikan obat karena pasien berbohong ttg kondisi kesehatannya
2/15/2026,inoirre,@BPJSKesehatanRI min kalo mau ke psikiater pake bpjs pbi tapi lagi merantau ke luar kota masih bisa dipake ga ya?
2/15/2026,Hnirankara,"@MrMjab0001 @psi_id Lu baca berita? Ribuan penerima BPJS PBI dari kalangan atas, itu pun yang ketauan. Belom ditambah kelas menengah yang harusnya mandiri tapi dapet PBI."
2/15/2026,AZaenarifin,@bangherwin Ini saya perjelas maksudnya: melakukan penghematan di satu sisi (menonaktifkan BPJS PBI contohnya) dan menghambur-hamburkan di anggaran MBG. Gitu lho.
2/15/2026,iamnggls,"@tanyarlfes Aku pernah ngerasain di lay off ber 2 (aku suamiku) dan aku gercep bikin PBI (itu hak kita) rentang kita di Layoff cma sebulan akhirnya pas suami blg kena jg aku ngajuin PBI karna aku tau BPJS tuh penting. Alhamdulillah sudah lepas dri PBI, mungkin yg kaya kamu lebih butuh🙏🏻🙃"
2/15/2026,iamnggls,"@tanyarlfes Plis normalisasikan jd ortu sigap. Ekonomi menurun? BPJS bsa dipindah lwt apk doang lho, Kalau kamu lebih effort bikin PBI. Skrg masukin IGD RS, skrg tuh BPJS ada sistem Rehab berkala. Jd tunggakan lo bsa dicicil. Itu anak butuh cairan, kalau nggak Yu ke puskes jgn ke X🤌🏻"
2/15/2026,jeonghans04,@tanyarlfes Coba ka daftar pbi bpjs dulu. Biasanya sehari jadi trs langsung ke puskesmas
2/15/2026,ShofiaNaur27707,"@MariaAlkaff_ Pokoknya yg berbau Ormas NU pasti gak beres alias brengsek 😂 Menag koruptor, meskes non aktifkan 11 juta BPJS PBI,"
2/15/2026,namorabora,"@tanyarlfes Nanti bpjs mu di alihkan ke pbi, kalo sampe di rawat saat itu juga itu bisa di gunain langsung bpjs pbi nya (cmiiw). Ini aku dari pengalaman mamah ku kemarin ya karna masuk igd dan akhirnya ganti ke bpjs pbi dan yg bpjs mandiri."
2/15/2026,beritandanews,Polemik BPJS PBI di Denpasar mereda usai wali kota minta maaf dan klarifikasi salah tafsir Inpres. Simak fakta lengkap dan dampaknya di sini.
2/15/2026,BeritaNusa89,Infografis : Reaktifasi BPJS PBI https://t.co/3N03dwS9bY https://t.co/jAXXajz0c8
2/16/2026,lucimaya123,"MBG oh, mbg. Dulu sebelum dia berkuasa, tidak ada mbg - semua tenang2 saja. Anak2 sekolah tidak ada yg keracunan. Pengguna bpjs pbi bisa berobat dengan nyaman tanpa gangguan. Tidak ada anak yg mati bunuh diri karena orang tua tidak mampu membelikannya buku dan pena. Guru-guru https://t.co/zUTjTxDcnR"
2/16/2026,Asyahada22,"@cakimiNOW @GusIpul_ID @ghufron_mukti Semoga sgera beres data PBI BPJS, BPJS harus dievaluasi bersama agar lebih memaksimalkan iuran masyarakat utk kesehatan masyarakat yg merata dan terjamin"
2/16/2026,__muyu,"apaan anying, makin goblok, mending dipake buat perbanyak kategori penyakit bpjs atau minimal aktifin lg PBI nya, pangkas aja terus nyet"
2/16/2026,folkpolitcs,"Rapat Tingkat Menteri Kementerian Koordinator Pemberdayaan Masyarakat bersama Kementerian Sosial, Badan Pusat Statistik, dan BPJS Kesehatan, Senin (16/2). Menegaskan pemutakhiran data PBI JKN agar tepat sasaran. Saat ini 152 juta jiwa (52 persen penduduk) menerima PBI. Sebanyak https://t.co/pIbjiaAdLD"
2/16/2026,didihusadiwong,"@cakimiNOW @GusIpul_ID @ghufron_mukti Data kemiskinan : BPS±25jt PBI BPJS ±100jt WORLD BANK :±190jt Pakailah data WB agr tdk sesat dlm ambil kebijakan,bbrp wkt lalu ada menteri yg coba² usik soal Gas 3Kg krn merefer angka kemiskinan BPS,Gejolak luar biasa! Memerintah itu 'kitab sucinya' UUD,apa para mentri paham?"
2/16/2026,propertynakmuda,Pak Presiden @prabowo Saya pekerja serabutan. Kadang dpt duit kadang tidak sama sekali.  Sekarang anak saya sakit tengah malam begini. bpjs pbi di non aktfikan. Duit gak punya. Dan banyak orang diluaran sana begitu. Apa tujuan bpk sebenar nya?  Apa agenda dibalik kebijakan ini?
2/16/2026,_bangmuu,"@kumifigo Stop MBG !!! Utamakan MBG hanya untuk anak-anak di daerah 3T (Terluar, Terjauh, Tertinggal) turunkan pajak, kembalikan bpjs PBI karna kasian buat para lansia dan orang-orang yang emang ekonomi nya sulit, jangankan buat bayar BPJS mereka makan aja kadang emang ga ada"
2/16/2026,okezonenews,Mensos: 40 Ribu Peserta BPJS PBI Sudah Ajukan Reaktivasi
2/16/2026,bergeloralah,"SIAPA TANGGUNG JAWAB #REAKTIFASI..? Penerima #PBI Capai 52 Persen Penduduk, Data Peserta Diperbarui Tiap Bulan, Warga Bisa Menyanggah #cakimin"
2/16/2026,radarbangsa_com,"Menko PM Cak Imin: Penerima PBI BPJS Capai 152 Juta Orang, Data Terus Diperbarui"
2/16/2026,billy4riez,Cak Imin Ungkap BPJS PBI Bakal Dimutakhirkan Tiap Bulan Agar Tepat Sasaran
2/16/2026,DoddyYuniarto,@KemensosRI Lah BPJS PBI saya masihh ga bisa dipakai untuk berobat akibat sakit gigi yg menyiksa. Harus ke dokter gigi yg biayanya mahal. Tahu kan rasanya sakit gigi?
2/16/2026,harapanrakyat_,Cerita 2 Ribu Peserta PBI BPJS Kesehatan yang Pilih Bayar Mandiri Usai Data Kemensos Diperketat https://t.co/tt5YRdj4S2
2/16/2026,bps_statistics,"Solusi Terpadu PBI Nonaktif Dipimpin Menko PM Menko Bidang Pemberdayaan Masyarakat menggelar rapat bersama Menteri Sosial, Kepala BPS RI, dan Dirut BPJS Kesehatan untuk melakukan konsolidasi dalam rangka melakukan langkah-langkah solutif bagi PBl yang dinonaktifkan (16/2). https://t.co/byP4z1nPmf"
2/16/2026,Melihat_Indo,"11 Juta BPJS PBI Dinonaktifkan, Baru 40 Ribu Aktif Lagi—Apa yang Sebenarnya Terjadi? Menteri Sosial Saifullah Yusuf mengungkapkan sekitar 40.000 peserta BPJS Kesehatan Penerima Bantuan Iuran (PBI) telah melakukan reaktivasi dari total 11 juta kepesertaan yang sempat https://t.co/AOr32tG5Gt"
2/16/2026,Melihat_Indo,"11 Juta BPJS PBI Dinonaktifkan, Baru 40 Ribu Aktif Lagi—Apa yang Sebenarnya Terjadi? Menteri Sosial Saifullah Yusuf mengungkapkan sekitar 40.000 peserta BPJS Kesehatan Penerima Bantuan Iuran (PBI) telah melakukan reaktivasi dari total 11 juta kepesertaan yang sempat https://t.co/ggLh2ueoWL"
2/16/2026,Melihat_Indo,"11 Juta BPJS PBI Dinonaktifkan, Baru 40 Ribu Aktif Lagi—Apa yang Sebenarnya Terjadi? Menteri Sosial Saifullah Yusuf mengungkapkan sekitar 40.000 peserta BPJS Kesehatan Penerima Bantuan Iuran (PBI) telah melakukan reaktivasi dari total 11 juta kepesertaan yang sempat https://t.co/KXp1FjfmAs"
2/16/2026,Melihat_Indo,"11 Juta BPJS PBI Dinonaktifkan, Baru 40 Ribu Aktif Lagi—Apa yang Sebenarnya Terjadi? Menteri Sosial Saifullah Yusuf mengungkapkan sekitar 40.000 peserta BPJS Kesehatan Penerima Bantuan Iuran (PBI) telah melakukan reaktivasi dari total 11 juta kepesertaan yang sempat https://t.co/c0Jy2BvlTl"
2/17/2026,Pjmhoon25,Terus kok BPJS PBI dihapusin bwang? Oh duitnya di puterin buat MBG dulu yah?
2/17/2026,kompascom,"""Ini bukan jumlah yang sedikit. Maka saya minta pilar-pilar sosial untuk terus mendampingi dalam mitigasi data, karena itu yang paling penting saat ini,"" tegas Khofifah."
2/17/2026,Harian_Jogja,"Anggaran BPJS Rp42 Miliar, Gunungkidul Reaktivasi 6.000 Peserta PBI https://t.co/GqsbBq5J1w https://t.co/fsXpziqZgl"
2/17/2026,mariadi63425147,"@BANGSAygSUJUD @99propaganda @are_inismyname @AswinbaharD @saskiadina7 @StelaPoan @Ndons_Back @Kimberley_PS08 @IrawanRommi @florieliciouss @jametkunx Smua buzzer omon2 lg dikerahkan utk bohongi rkyat ttg MBG n sumber dana nya.  Tp fakta gak bs dibantah: Anggran pendidikn dipotong BPJS PBI dicabut 11 jt org utk MBG. MBG proyek bagi2 bisnis klrg n kroni Org miskin 9% (BPS), tp MBG utk 82 jt org (30%), 20% utk org kaya."
2/17/2026,Dara_Cega,Korban MBG. 11 jt PBI BPJS di nonaktifkan.. https://t.co/jTw34Chwif
2/17/2026,dngwijonarko,"Pas kasus IHSG anjlok: Langsung cepet ganti kepala BEI, OJK, dll dll Pas kasus BPJS PBI: Koordinasi lambat, gakada yang diganti, gakada yang kena sanksi Simpulan opini: Kalo merugikan kelas atas -&gt; sat set Kalo kelas bawah -&gt; selow ajaahhhhh bosqqqkkewhhhh"
2/17/2026,Partikellirs,"aihh mana BPJS kes PBI yang di non aktifkan oleh pamarentah tersebar lebih banyak di jateng + dihantam bencana seperti ini, haiss mengerikan menirut world bank angka kemiskinan di indoneska terus meroket tajam dan mereka(world bank) bertanya pertanggungjawaban RI, ngeriii ini"
2/17/2026,hilalmultibiz,"Ada narasi yang disuarakan dengan lantang: JANJI KESEJAHTERAAN, PEMERATAAN, DAN MASA DEPAN CERAH.  Namun, di balik riuhnya janji, tersembunyi realitas yang membingungkan. Jaring pengaman sosial, seperti BPJS PBI, justru seolah ditarik paksa dari mereka yang paling membutuhkan. https://t.co/c6ixEa1ign"
2/17/2026,awhsar,"@Naandaa27 @TanjungSyahril Oohhh yg di non aktifkan itu Desil 6 dan 7 , wajar sih karena masih banyak Desil 1 dan 2 yang lebih berhak memperoleh BPJS PBI. Terimakasih atas informasinya pak ."
2/17/2026,Asyahada22,"@DPP_PKB @cakimiNOW Semoga sgera beres data PBI BPJS, BPJS harus dievaluasi bersama agar lebih memaksimalkan iuran masyarakat utk kesehatan masyarakat yg merata dan terjamin"
2/17/2026,pranaladotco,"Evaluasi PBI BPJS Kesehatan, Pemkot Balikpapan Pastikan Warga Miskin Tetap Bisa Berobat via @https://x.com/pranaladotco https://t.co/r0317SsTyy"
2/17/2026,ready_ovt,"@TaliUdeng Wah, padahal ibu hamil dan lansia lebih membutuhkan layanan kesehatan karena lebih mahal daripada makanan bergiji gratis. Bayangin dah, bpjs pbi non aktif dan waktunya lansia/bumil untuk kontrol. Beuh sedapnya"
2/17/2026,cincauwr,@DS_yantie Lagi sibuk ngurusin BPJS PBI 🥺
2/17/2026,mariadi63425147,"@are_inismyname @prabowo @Ndons_Back @BANGSAygSUJUD @99propaganda @khus_mub @G0LIATH87 @IrawanRommi @DarekaRendy @Kimberley_PS08 @FDonghun @florieliciouss Smua buzzer omon2 lg dikerahkan utk bohongi rkyat ttg MBG n sumber dana nya.  Tp fakta gak bs dibantah: Anggran pendidikn dipotong, BPJS PBI dicabut 11 jt org utk MBG.  MBG proyek bagi2 bisnis klrg n kroni Org miskin 9% (BPS), tp MBG utk 82 jt org (30%), 20% utk org kaya. https://t.co/yN6RzzOLDw"
2/17/2026,rienewsdotcom,"Menyoal BPJS PBI, Pemerintah Disarankan Bentuk Task Force di Tiap RS"
2/17/2026,rienewsdotcom,Pimpinan DPR Pastikan Layanan BPJS PBI Tetap Aktif
2/17/2026,rienewsdotcom,DPR Tegaskan Penonaktifan BPJS PBI Tidak Putus Layanan Pasien Kronis https://t.co/GrrriiW91f
2/17/2026,mariadi63425147,"@BANGSAygSUJUD @99propaganda @are_inismyname @AswinbaharD @florieliciouss @FDonghun @IrawanRommi @jametkunx @Kimberley_PS08 @Ndons_Back @khus_mub Smua buzzer n pjbt kabinet omon2 lg dikerahkan utk bohongi rkyat ttg MBG n sumber dana nya. Tp fakta gak bs dibantah: Anggran pendidikn dipotong n BPJS PBI dicabut 11 jt utk MBG.  MBG proyek bagi2 bisnis klrg n kroni Org miskin 9%, MBG utk 80 jt (30%):"
2/18/2026,penatumpul76,Setuju banget dong...masa penonaktifan BPJS PBI dibilang atas perintah Presiden. Pernyataannya di media pula. https://t.co/Lb5yWY1wwU
2/18/2026,waruboy,@BulanRumah @KemensosRI kok bisa yang begini ngga dapat bantuan BPJS PBI? Tolonglah dibantu
2/18/2026,zamieka,"Infrastruktur jalan rusak Dimana2, BPJS PBI banyak yg non aktif, Apakah anggaran nya disedot ke MBG semua kah 😂🥲Mohon pencerahan pihak terkait "
2/18/2026,Miiiaaauww,"Ibuku janda, KK sendirian, rumah tidak punya (sebelum tinggal bareng aku, tinggalnya numpang di rumah oranglain). Ikut aku soalnya perlu kontrol rutin tiap bulan ke Jogja. Bulan Mei atau Juni BPJS PBI dan bansos berhenti. Beberapa bulan kemudian BPJS aktif lagi, tapi bansos tidak"
2/18/2026,useyourhelmet_,"Bayangin puasa-puasa gini, saat pintu-pintu doa dibuka, ada sekelompok orang yg didoain jelek sama orang yg BPJS PBI nya jd korban gara-gara data kemiskinan yg dipoles manis. Bayangin aja. Ini negara lama-lama kaya hunger games. Nunggu mana duluan yg dbikin mati pelan-pelan."
2/18/2026,caramellokiss,"@eko_rochmawati @tanyakanrl Emang dari pusat yang gak jelas aturannya gimana nder, dari desa cuma bisa mengusulkan ke dinsos terkait bpjs pbi dan nanti dinsos yang memproses ke pusat. Kalau dulu pake surat keterangan tidak mampu aja udah cukup sekarang gak bisa. Jadi jangan nyalahin perangkat desanya doang"
2/18/2026,ummanyabilal,"@SeputarTetangga Maksudnya gini loohh Yg mampu, yg masih produktif pakailah BPJS mandiri atau asuransi swasta buat yg lebih² Biarkan yg PBI khusus untuk yg bener² kurang mampu Jangan diplintiiirrr, yang waraaassss"
2/18/2026,delta_rrg,"@putrategar2709 @SeputarTetangga Kalo kerja dan pemberi kerja/kantornya bener BPJS dia harusnya udh dibayarin pemberi kerja/kantor, ngapain pindah segmen jadi PBI?"
2/18/2026,ese_oak,"Untuk PBI sekarang aja 42k/orang/bulan. Rakyat indo total 285jt, Semisalkan BPJS digratiskan dengan asumsi pake PBI, berarti total adalah Rp11.970.000.000.000,00/bulan atau 11,970T setahun jadi 143,640T  Yah kira2 setengahnya MBG lah 🤣🤣🤣"
2/18/2026,prajnamu,"@Darmaningtyas Ironis ya, sementara di urusan subsidi PBI utk BPJS dia koar-koar soal subsidi tepat sasaran sampai banyak orang keleleran di RS"
2/18/2026,grok,"@firmwill @moluccas97 @alvinlie21 @UmarHasibuan__ Haha, bukan dari data Qodari kok. Aku dilatih xAI pakai data beragam &amp; netral. Info tadi dari BPS resmi: penduduk bekerja naik dari 118,17 juta (2014) jadi 142,18 juta (2024), cipta ~24 juta. PBI BPJS: dari 86,4 juta ke ~134 juta (2024). Kalau ada sumber lain, share yuk!"
2/18/2026,maegicalqueen,Orang orang kok suka bgt ngambil hak orang miskin ya? Gue yg literally menengah kebawah ogah bgt pake bpjs pbi
2/18/2026,rudi_rio28512,@BANGSAygSUJUD @prabowo @99propaganda @are_inismyname @Kimberley_PS08 @jametkunx @IrawanRommi @G3nX_files @florieliciouss @FDonghun @coldbrew165 @tonybulumanu Apakabar 11 juta peserta BPJS PBI saudara?
2/18/2026,bergeloralah,INILAH PARTAI YANG BENER..! #Nasdem #Depok Dampingi Pasien #BPJS Kesehatan #PBI Yang Dinonaktifkan https://t.co/15KLMOXPIF lewat @BERGELORA.COM https://t.co/rzLmKkOzgJ
2/18/2026,akunbuatngevent,"@mukalu_jauh @ramazaynworld @piyopikavet Kalo logikanya kayak gitu, berarti penerima beasiswa termasuk LPDP, bidik misi-KIP, PPA, dll terus penerima BPJS PBI, ASN juga tidak boleh mengkritisi pemerintah?"
2/18/2026,mayatrianatw,"pemerintah keren, PBI BPJS kembali hadir untuk rakyat https://t.co/5vjI5psxmj"
2/18/2026,ukhtielya,@doctor__fabre Kenapa bpjs pbi dgn cepat bisa d putus dan kenapa dgn bansos yg jelas2 yg dapat org mampu tp ga bisa d outus kenapa saya bertanya dgn nada lembut sof spoken???
2/19/2026,heyposl,"BULAN PENUH KEBERKAHAN. MARI MAKSIMALKAN PENGGUNAAN BPJS PBI dan sejenis BPJS dari kantor, Asuransi kesehatan swasta dari kantor. Sayang lho kalo ga digunain, SOON."
2/19/2026,Dara_Cega,Kalian percaya?? Saat ini 11 jt peserta BPJS PBI dinon aktifkan oleh pemerintah 19 jt loker dijanjikan gibran saat kampanye realisasi cum janji.. https://t.co/iWnDmumxNd
2/19/2026,jihancuaon,@BPJSKesehatanRI apakah jika ingin berpindah status dari PBI ke mandiri harus dilakukan di kantor BPJS terdekat?
2/19/2026,EstehsoloS14023,"@ebonXboy 100% benar. Tidak ada yg namanya gratis. Pemerintah hanya bermain di psikologis rakyat Indo dengan kata2 ""gratis"".Pdahal, mbg itu status adl ""WAJIB BAYAR"", dibayar dengan pemotongan dana pendidikan, penghapusan biaya BPJS PBI, pemotongan anggaran negara dll."
2/19/2026,arkanafs,"Wow sekali negeriku MBG mengurangi jatah dana pendidikan KDMP membebani dana desa BPJS PBI banyak yang dicabut, sekarang pimpinannya diganti orang militer Ada komentar?"
2/19/2026,tachibatak,"@SeputarTetangga Ada yg kaya duit M tp kls 3, sedangkan aku yg punya utang, tabungan gada kls 2. Maksudku emg jrg dipake tp dgn kita bayar kan bisa bantu yg pbi jgn mikir buat pemerintahnya aja. Ya keluargaku rata kls 2 &amp; jrg dipake ydh mikirnya itung2 nyicil pas make, dan bantu yg make bpjs"
2/19/2026,OrasiId,Waka I DPRD Jambi Desak Verifikasi Ulang Usai 90 Ribu Peserta PBI BPJS Dinonaktifkan
2/19/2026,menumpahkan,mana bpjs pbi nya mati pula kan
2/19/2026,acelcel_,"@yarunatjhi Di tempatku siapa aja bisa pake pbi, soalnya mayoritas pada gamau bikin bpjs. Mayoritas berobat ke puskes yg gratis dan dianggapnya praktis cukup bawa ktp atau kk. Yg bikin bpjs cuma yg punya penyakit yg berat2"
2/19/2026,honeysweett_1,"@tanyakanrl baru tau desil nya 6-10 anjaii 😭😭 pdhl mah dulunya IRT skrg aja ini baru kerja gaji sih ya 2jtan ttp aja masih di bwh UMR wehh 😭 dulu dpt bpjs pbi, gatau kalo skrg blm pernah berobat lagi soalnya https://t.co/p21rpMtpgp"
2/19/2026,sabitnyabulan_,"@ddanddanaa @yarunatjhi Kalo pengalaman aku yg baru aja pindah ktp dan kk, bpjsku tetep aktif kak. Nah kalo temenku org tuanya dari bpjs pbi non-aktif, bisa diaktifin lagi dgn cara berbayar kak."
2/19/2026,PadukaHaRD,"@NakesPuskesmas Fakta kan ya 🥴. Sekarang masalah BPJS itu selain manajemen kurang, nakesnya berkorban, juga masyarakatnya banyak gk tau diri meng-PBI-kan BPJS, menunggak iuran bulanan, dsb. Memang pemerintah cerminan rakyat :)"
2/19/2026,semangkalucu,belum tau aja ada jalur langit yg pake bpjs pbi tp pelayanan minta vvvvvvvvvip 🤭
2/19/2026,ferizandra,@inikakrov Nah...! lebih baik dananya buat nalangin PBI BPJS Kesehatan... 😃
2/19/2026,thejatimcom,DPRD Surabaya Dorong Transparansi dan Penyederhanaan Reaktivasi BPJS PBI https://t.co/mdz8a3wi5K
2/19/2026,detikkalimantan,"Verifikasi Lapangan Peserta PBI BPJS Dimulai Hari Ini, Kapan Rampung? https://t.co/A84IEkhvZb"
2/19/2026,dizappearr_,@Hyandi_ @yarunatjhi @SeputarTetangga bpjs ku jg gt kak anehnya kakaku punya asuransi ttp keseret bpjs pbi pdl udh nikah trs anaknya baru lahir jg auto kedaftar bpjs😂
2/19/2026,ddaaaahh,"Setelah Kemensos menonaktifkan BPJS PBI untuk 11 juta penerimanya, sekarang BPJS mau dipimpin mantan tentara buat jagain kantornya 🤭"
2/19/2026,missdiah2,@DoankWarto Kentut bau... Coba kau pake duit bapakmu buat bayarin PBI BPJS..mau gak? Kalian modal janji dapet aset negara.. Cuih!!!!
2/20/2026,satpooI,"@tanyakanrl Kalau di surabaya... sangat superrr wort it bpjs kls 1. Ada bbrp rumah sakit yang kalau operasi liat kelasnya. Kalau kelas 3 dan PBI. Biasanya mereka rujuk ke RSUD karena biaya nya ga cukup untuk mereka lakukan operasi. Beda sama bpjs kelas 1, itu mereka bisa lakukan operasi"
2/20/2026,basuki_14,"@EstehsoloS14023 @ebonXboy Udah ada klarifikasi dr kemenkeu klu yg kamu ketik itu salah dan dana pendidikan untuk yg penting masih ada semua bahkan ditambah , BPJS PBI pun masih ada krn pembaharuan data agarvyepat sasaran bukan anggaran yg dipangka"
2/20/2026,dr_koko28,"Saya berharap data kita mengenai warga PBI BPJS Kesehatan sudah sesuai dengan kondisi lapangan dan data tersebut sudah selesai dirapikan. Iuran 100.000 orang saja, itu nilainya sekitar 50 milyar rupiah/tahun. 300 juta warga? 150 triliun. Data warga kita yang volatile itulah"
2/20/2026,Batulicin_bgs,"@AbiJabbar461 @ecosocrights Semua program pemerintah didanai oleh pajak rakyat disebut gratis krn penerima manfaat tdk bayar sama kek sekolah gratis , BPJS PBI juga kan "
2/20/2026,SeputarDaerah,"Polemik Kebijakan BPJS PBI di Denpasar, Opini Putu Artha Picu Perdebatan Publik https://t.co/Ih89WtURSr"
2/20/2026,muhamadrdani,@SkeptisU @erlanishere Lahh tololl bin goblok ni org. Justru klo di pajekin produk AS kan uangnya buat penerimaan negara juga. Buat bayarin BPJS lu yg masih PBI itu biar gak di nonaktifin 🤣 emangnya lu pikir org kritik produk AS masuk tanpa pajak itu buat makan sehari2? Ya enggaklah tolol
2/20/2026,dingsanak__,"@locoo66 @kenhans03 Ada BPJS PBI , sekolah wajib belajar gratis ada dana Bos , PIP dan untuk maba ada KIP lu bilang negara gak peduli ? Kocak"
2/22/2026,hauraamiralevi,"Terakhir ketemu sih pasiennya punya asuransi swasta, mobil pajero tp bpjs pbi😖"
2/22/2026,hauraamiralevi,Semenjak kerja di yarsi jadi tau banyak penerima BPJS PBI pada pake mobil bagus wkkwkwkw
2/22/2026,0xDaud,"@Urrangawak @puanmaharani_ri respect untuk langkah tegasnya, bro. rakyat kecil gak boleh ripple. jadi, bagaimana pemerintah pastikan layanan BPJS PBI tetap konsisten?"
2/22/2026,Urrangawak,"Ketua DPR RI, @puanmaharani_ri, menegaskan bahwa negara tidak akan tinggal diam. Terkait polemik BPJS PBI, DPR RI memutuskan pemerintah tetap wajib melayani masyarakat penerima BPJS PBI hingga batas waktu yang telah ditetapkan. Jangan sampai rakyat kecil dipersulit saat mereka https://t.co/Utl4afCMBS"
2/22/2026,KerjaHasil_id,"Akibat tidak mampu mengolah informasi secara benar. *Berusaha tetap berfikir positif* #walikota #denpasar #bali #bpjs #pbi Usai Dilaporkan ke Mabes Polri, Kini Wali Kota Denpasar Diteror!"
2/22/2026,Antaredja1,@Secretnesia24 @TTariuu Jadi pemberian PBI adalah Pemenuhan kewajiban negara (fulfillment of state obligation) di kls 3 RS. Utk mrk yg tdk mau klas 3 silahkan ikut BPJS berbayar klas 2 atau Klas 1 bahkan silahkan ikut Asuransi Swasta ! 👌🏻
2/22/2026,Harian_Jogja,"Kantor BPJS Denpasar Dirusak, Diduga Imbas Penonaktifan PBI JKN https://t.co/XixJEPTjyH https://t.co/EZzKflAbjR"
2/22/2026,GanjaOto,"debat metodologi itu terdengar seperti lelucon elit. Lapar tidak mengenal istilah “rentan miskin”, ia hanya mengenal perut kosong. Yang lebih ganjil, di tengah klaim penurunan kemiskinan, jutaan orang justru tercecer dari BPJS PBI. Artinya, negara pandai mengecilkan angka,"
2/22/2026,anttieee_,"@tanyarlfes Dulu juga gw pernah mikir sama : harusnya ga dpt bpjs aja perokok. Tapi, sekarang mikirnya, bayar premi lebih mahal aja.  Mengingat ada hak warga negara di sana. Atau mininal, ga boleh masuk PBI 😁"
2/22/2026,fakhrulroziii,"@popokibubble @JackMoon_MikeAK @RSuntya44707 @RedArmyNika @yantology @rdmakbar Iya, mending hapuskan aja sih. Uangnya lebih baik dialihkan untuk biayain KIP/KIP-k (buat agar penerimanya lebih banyak, soalnya masih banyak anak tidak mampu yang ingin kuliah tapi gak dapat beasiswa) dan juga sekalian untuk biayain BPJS PBI."
2/22/2026,makcrigis_,Komisi IX DPR RI : Lindungi PBI perbaiki data kepesertaan BPJS kesehatan. https://t.co/tiGEUDN8Di
2/22/2026,makcrigis_,"Komisi IX DPR RI : Lindungi PBI, Perbaiki data kepesertaan BPJS Kesehatan https://t.co/u2JOf8tUmk"
2/22/2026,smartbow,"@democrazymedia Aneh sih ya janjinya. Skr aja masyarakat membayar iuran, BPJS masih sok bilang rugi bahkan ada tuh kemaren yg BPJS PBI sampai dinonaktifkan(ga tau skr dah aktif lgi/blm).... Kalo kata UYM ""Uangnya dari mana?😭""."
2/22/2026,paringgae,@insidefolkative km udah cek akun bpjs blm? soalnya tbtb ada yg statusnya berubah jadi pbi padahal mandiri
2/22/2026,grok,"@A_Wahyu666 @Secretnesia24 Kalau nggak punya rumah, coba hubungi Dinas Sosial setempat untuk tanya verifikasi alternatif. Kebijakan BPJS PBI ini memang wajib foto rumah &amp; token listrik buat nilai kelayakan, tapi buat tunawisma mungkin ada penanganan khusus. Cek info resmi di Kemensos ya!"
2/22/2026,nunutNgiyub,"Komisi IX DPR RI : lindungi PBI, perbaiki data kepesertaan BPJS kesehatan. "
2/22/2026,netralnews,Pemerintah Bisa Dipenjara karena Menonaktifkan 11 Juta Peserta BPJS PBI https://t.co/fO6Zidlxfc
2/22/2026,t4rmngt67ytt647,"@DianSandiU Rakyat hrs kritis kalau ada janji2 spt ini. Tuntut partai menjelaskan : Bagaimana mekanismenya BPJS bisa gratis sedangkan APBN saja defisit? Siapa yg digratiskan BPJSnya itu nanti sementara skrg sudah ada PBI? Bgmn dgn kualitas layanan BPJS, skrg saja byk keluhan"
2/22/2026,AtmokoArif,"@SeputarTetangga Peserta pbi yg perokok aktif rokoknya rokok ilegal, atau rokok legal kretek yg harga maksimal 15k/bungkus. Tp ya sama aja kalo dikalikan 30 sudah jauh lebih mahal dari biaya angsuran bpjs mandiri kelas 3"
2/22/2026,21_mozza,"Kritik keras Presiden Prabowo, emak² beri pertanyaan menohok: Ada dendam apa kau  dengan Negara Indonesia.  kau hamburkan uang 1 triliun seharidana pendidikan dikurangi 40%  lalu dana kesehatan 11 juta kartu pbi bpjs di nonaktipkan, rakyat makin tercekek sama kebijakan bapak. https://t.co/fwED8EPdpQ"
2/23/2026,mochmasykur12,"@ardisatriawan penerima manfaat lpdp itu sama halnya seperti penerima manfaat subsidi gas melon, PBI bpjs, mbg dll. mosok anak anak sekolah suruh balikin tai di ompreng mbg. logika macam apa pur boyo ngatain seperti itu"
2/23/2026,grok,"@ngetweetssss @dosenkesmas Pajak rokok (cukai + pajak daerah) memang sebagian dialokasikan ke kesehatan, termasuk subsidi iuran BPJS buat PBI (peserta miskin) via DBH minimal 50% + kontribusi 75% dari itu. Tapi iuran BPJS itu dana khusus pool asuransi sosial, beda sama pajak umum ke APBN. Kalau perokok"
2/23/2026,kelomangmerah,"@tempodotco ro dewe muni ""cek kesehatan gratis"" noh beberapa BPJS yg kmren pake PBI diapus , pa maksud.. mana dipakai buat rakyat riwayat penyakit cuci darah"
2/23/2026,hamkaharit,"Padahal banyak juga orang-orang yang berkecukupan pake BPJS pbi dengan alasan ""cadangan doang kan jarang sakit"". Hadehhh Sekarang sudah pindah BPJS kelas 3 dan tetap bayar sendiri dengan gajiku yang imut itu 😆"
2/23/2026,hamkaharit,"Gue pernah ngeluh ke mama yg kebetulan kader, bisa ga kalo gue pindah BPJS pbi? Soalnya dah 3 tahun ini gue bayar mulu sendiri (kls 2) dan gaji gue under 2 juta yg bisa dibilang berpenghasilan rendah. Kata mama gue; ""emang sesusah apa km sampe ambil hak orang lain?"""
2/23/2026,oedaya76979,"@tempodotco Jadi MBG ambil anggaran pendidikan dan guru honorer serta PBI BPJS untuk 11 juta peserta ga langgar HAM ? Keracunan MBG ga langgar HAM ?. MBG ga pernah ada audit ga langgar HAM ? Kirim 8 ribu TNI ke Gaza yang tujuannya hanya jagain proyek rekonstruksi Trump, ga langgar HAM ? https://t.co/QFNQI8eRot"
2/23/2026,xxnrvlix,"Lagi lagi bikin tl gua rusak. Bener² ga liat rakyat, ga denger suara rakyat, yang pbi aja kmrn di non aktif kan. Skrg malah naikin iuran. Kata gua mending sistem bpjs dulu noh dibenahin gausa iuaran yang dinaikin heran bgt"
2/23/2026,irkhamdwi10,@dosenkesmas yg bikin beban bpjs itu ya pbi. kenapa beban tau sendiri pemerintah suka kasbon ditambah rata rata pbi itu pasien tetap. sedangkan yg mandiri berbondong bondong pengen pbi apalagi selisih iuran dari kelas 3 ke kelas 1 njomplang banget.
2/23/2026,shafaasy,@tempodotco Saya sarankan verifikasi &amp; validasi lagi kelayakan penerima BPJS PBI (bpjs gratis buat org miskin). Karena syaratnya kurang kuat &amp; banyak yg sebenarnya mampu tp bisa dengan mudah masuk ke kesitu. Alihkan ke bpjs mandiri itu bisa menghemat banyak anggaran tnp menaikaan iuran BPJS.
2/23/2026,wahyu_djanti88,@tempodotco Taktiknya hapusin PBI trs mo naikin premi BPJS. Slompret tenan!!
2/23/2026,KemensosRI,"Pemerintah memastikan transisi pemutakhiran data peserta PBI JKN berjalan aman dan tepat sasaran. Melalui pertemuan di Kantor BPJS Kesehatan (23/2), https://t.co/EAvrjJ1aus"
2/23/2026,20detik,Video: Dirut BPJS Baru Usul Istilah 'Peserta PBI JKN Non-aktif' Diganti https://t.co/WqbWGYW4aO
2/23/2026,detikHealth,Video: Dirut BPJS Baru Usul Istilah 'Peserta PBI JKN Non-aktif' Diganti https://t.co/EUNC1UEUgc
2/23/2026,mochmasykur12,"@menuembegejelek @tempodotco termasuk PBI bpjs, gas melon"
2/23/2026,yahoodiee,"@rszysd @yappingproject Berat sih. Liat aja pejabat kt kemaruknya kyk apa. Ada bencana sebesar itu di 3 provinsi aja ga tergerak samsek buat liburin MBG bbrp hari dan alihkan anggarannya utk bantuan sementara. BPJS PBI dikurangi, iuranny jg mau dinaikin. Ad kesempatan sekecil apapun pokoknya bkl disikat"
2/23/2026,eskepalmilosatu,"Anaknya dapat MBG. Bapak ibunya: 1. Kontraknya nggak diperpanjang 2. Sebulan terakhir orderan sepi 3. Gaji yang biasanya cukup buat cicilan, sekarang dipotong 30-40% 4. BPJS PBI dihapus sebagian 5. Susah cari kerja 6. Tagihan numpuk di meja 7. Banyak “pajak-pajak baru” https://t.co/3TwPy16juU"
2/23/2026,mkligf,"AJG. terus aja rakyat diperas. anggaran bpjs kena efisiensi, pbi banyak yg dinonaktifkan. tapi iuran bpjs minta dinaikkan. maksudnya apasi tololll"
2/23/2026,patyani,"Ada brp juta rakyat yg terselamatkan keaktifan bpjs nya jika uang 17,9T disubsidikan utk pbi &amp; pemutihan bpjs mandiri?"
2/23/2026,yunowhatodo,"Coba dah lu ketemu pasien yang gak dapet PBI tapi masih kesusahan buat bayar bpjs karna berbagai alasan, ada yg kena phk lah, ada yg bangkrut lah, ada yg emang kerja serabutan lah. Trus ngeluh ke lu gimana caranya aktifin bpjs lagi karna udh nunggak berbulan-bulan, nanya biayanya"
2/23/2026,Asyahada22,@cakimiNOW @KemensosRI @bps_statistics Semoga akurasi data PBI BPJS segera beres
2/24/2026,Rushi11254,"Meksiko ramadan Ekstra seru , baju Buat Bukber tni ad kita pbi bpjs minimal x Tasya farasya #dood videy Rabu ready pagii"
2/24/2026,hideousrockstar,"... yg ga suka sama mba itu, hampir seragam 3. Saat gua RT post ttg mba² itu, kbtulan lg rame jg dgn isu² keracunan MBG, guru honorer gugat MBG, BPJS PBI nonaktif, anggt polisi tendang ban api ke demonstran, korban banjir Sumatera yg jauh dr kata pulih, wacana kirim prajurit ..."
2/24/2026,EniMarlina90,@MandenJojo @shiniciizumi_ Kata siapa ka..aduhh kebanyakan yg sakit ekonomi lemah eh pas berobat BPJS PBi dicabut
2/24/2026,itsm_yhealing,@MenteriPekerja mending BPJS PBI kaya Sandra dewi sm Harvey ga ikutan naik
2/24/2026,WaktuLampung_PR,"Hampir 10 Ribu Peserta BPJS PBI di Lampung Barat Dinonaktifkan, Dinsos Beri Penjelasan -Baca di: https://t.co/9Zxz5DECoh"
2/24/2026,mayangayutw,"program PBI BPJS perlu terus dikembangkan, semangat https://t.co/kTOMberKzw"
2/24/2026,mutidewialeta,"program PBI BPJS perlu terus dikembangkan, semangat https://t.co/ZzMnkW03O1"
2/24/2026,mutidewialeta,semangat dukung PBI BPJS agar manfaatnya makin luas https://t.co/erCvfLjrJZ
2/24/2026,pratamaEwirata,"pbi BPJS, semangat dan terus maju https://t.co/SLTUr4XfHH"
2/26/2026,zain__yahya,"@SONYnkri Semua program pemerintah dibiayai oleh pajak bukan hanya MBG saja ,sekolah gratis , fasum , BpJS PBI , bansos dll dan MBG ini program pemerintah jadi ya wajar saja kan penerimanya juga anak2 Indonesia "
2/26/2026,ibrahim24115,"Hai Sobat Sosial 👋Dalam waktu dekat, pendamping PKH akan melakukan ground check kepada peserta BPJS PBI yang statusnya nonaktif. Proses ini bertujuan memastikan data sesuai kondisi terkini, agar bantuan benar-benar tepat sasaran dan diterima oleh yang membutuhkan. https://t.co/MmiFXGZa3M"
2/26/2026,ramazaynworld,@ranrraz @ajiehatadji mudah mudahan pasutri laknat yang memproyeksikan benih sperma dan telur mereka itu untuk jadi WNA tidak pakai BPJS PBI di Indo. https://t.co/T3LWeEXZyj
2/26/2026,buseronline2022,Komisi IX Dorong Percepatan Reaktivasi BPJS PBI untuk Warga Jambi https://t.co/KPbFnhncNE lewat @Buser Online
2/26/2026,KemensosRI,"Menteri Sosial Saifullah Yusuf atau Gus Ipul buka suara soal penonaktifan 11 juta peserta Penerima Bantuan Iuran (PBI) BPJS Kesehatan. Dari jumlah tersebut, sebanyak 869 ribu peserta kini telah direaktivasi melalui sejumlah skema. https://t.co/bLbOqFWBed"
2/26/2026,KemensosRI,"Hai Sobat Sosial 👋 Dalam waktu dekat, pendamping PKH akan melakukan ground check kepada peserta BPJS PBI yang statusnya nonaktif. Proses ini bertujuan memastikan data sesuai kondisi terkini, agar bantuan benar-benar tepat sasaran dan diterima oleh yang membutuhkan. https://t.co/g3EfhGXogC"
2/26/2026,miftahul_fa_,"@Piyusaja2 Seandainya Presidenya mau memperioritaskan kesehatan, bakal ada subsidi APBN utk BPJS yg bs dirasakan secara langsung oleh masyarakat secara luas, malah ngadi2 menonaktifkan PBI &amp; Oke Gas MBG + Kopedes + Join Board of Peace yg ga ada manfaatnya utk rakyat Indonesia"
2/26/2026,darkside_gurl,"masi bingung ini kerja mau sampe karyawan apa honorer terus, kalo jadi karyawan takut bpjs pbi ortu otomatis nonaktif gara gara gua masi satu kk, kalo pisah kk ga bakal ngaruh deh keknya, cuma urus urusnya pasti sulit kalo ga pake ordal, well konoha"
2/26/2026,rizkyyunanta,"Mungkin si cucu belum punya bpjs, kartu identitasnya pun mungkin belum diurus sesuai domisili sekarang jadinya belum tercover bpjs PBI. In this economy, uang 30rb dibilang mahal. Damn… nyes banget rasanya."
2/26/2026,imsyeikh,@maswege @tempodotco bukan ngebela tpi kondisi nya emng harus naik karna defisit parah. Lagian rakyat juga harus berkaca jgn pas sakit doang baru aktifin BPJS pas udh sehat mlh nunggak. Itupun ratusan juta orng Indo udh gratis dibayar APBN lewat PBI. BPJS ini udh paling murah sih
2/26/2026,jaga_jarak123,"@tempodotco Wooooi KONTOOOOOL, orang miskin terpaksa ikut bpjs mandiri, gegara bpjs pbi di nonaktivkan.."
2/26/2026,ramazaynworld,@detikcom lumayan bisa pake BPJS PBI pajak rakyat lagi buat berobat. Ngapain bayar mahal di UK untuk dokter. https://t.co/KDsoHRa0ut
2/26/2026,urda1sy_,@sbyfess Coba cek aplikasi. Kapan hari baca tapi lupa dimana ternyata bpjs nya ganti ke pbi.
2/26/2026,grok,"Menkes jelasin kenaikan iuran BPJS Kesehatan mulai 2026 cuma buat peserta mandiri kelas menengah-atas (Rp42 ribu/bln sekarang), bukan yang miskin—mereka tetap ditanggung pemerintah via PBI.  Alasannya: BPJS defisit Rp20-30T tiap tahun, ditutup APBN tiap kali. Kalau nggak diubah,"
2/26/2026,andromedoy,"otak nya kebolak balik. bapak mending balik aja kepada yg maha kuasa, gimana... setiap check up, i started to know bahwa ngga sedikit , ketemu orang yg ngga keliatan begitu mampu, tapi maksain bayar bpjs karena dia ngga dapet jatah pbi.."
2/26/2026,akuratco,"Menteri Kesehatan, Budi Gunadi Sadikin, menegaskan kenaikan iuran BPJS Kesehatan tidak akan memengaruhi masyarakat miskin termasuk Desil 1-5 DTSEN karena iurannya ditanggung pemerintah melalui skema Penerima Bantuan Iuran jaminan Kesehatan Nasional (PBI JKN). “Kenaikan premi https://t.co/3HvUWDTpaC"
2/26/2026,kucingghaib,"@umjigah @doucheriee @jokowigembrot @sbmptnfess Itu kategori bantuan sosial gak sih? Sama kayak bpjs pbi. Btw, anak kipk selesai studi dan kerja bisa lepas keluarga mereka dari rantai kemiskinan. Minimal jadi kaum menengah. Tapi lulusan lpdp, dari menengah bisa naik ke kalangan elit. Target sekarang kan memberantas kemiskinan"
2/26/2026,ramazaynworld,@jerukcheseebun @tempodotco aku pendukung diriku sendiri. bukan kayak elu2 semua gampang disetir isu. gak sekalian kau tanya standing pointku di BPJS PBI?
2/26/2026,twin6nw,Kmrin waktu kontrol rutin ada kejadian yg bikin aku sedih. Didepan aku ada pasien yg gabisa kontrol karna bpjs pbi udh ga aktif. Sebelumnya dia udh diperbaiki dan diajuin ke pihak daerah dia. Mungkin emg blum acc. Karna emg butuh waktu juga.
2/26/2026,_sparklingJOY_,@txtdrimedia Naik kalo yg PBI dipake orang yg tepat mah gw ikhlas2 aja. Kaga pernah sakit (alhamdulillah) bayar bpjs buat sedekah ke orang mampu bjir
2/27/2026,cincauwr,"@piyopikavet Middle class ini emang sasaran empuk buat ditekan. Potongan pajak, zakat, dan BPJS soalnya diambil dr gaji semua. Sementara yg kalangan atas malah bisa lepas karena nggak bergantung pada gaji bulanan. Contohnya? Suaminya sandradewi BPJSnya sempat masuk golongan PBI 😌"
2/27/2026,grok,"@satriarijaya Rakyat tidak harus dibebaskan total bayar BPJS Kesehatan, krn ini iuran asuransi sosial wajib buat sustain program JKN (pendapatan iuran 2025 Rp176T, biaya ~Rp190T, defisit ditutup APBN). Pemerintah sudah subsidi penuh buat miskin via PBI. Tapi korupsi+TPPU 2025 rugikan negara"
2/27/2026,ramazaynworld,@boiixtan @MurtadhaOne1 BPJS PBI itu kemensos sedang cleansing. Ada 1 juta PBI di desil 6 ke atas yg gak berhak lagi menerima. Kau gak liat si Sandra Dewi dan suaminya terdaftar BPJS PBI? Sedangkan masih ada warga miskin desil 1-5 yg seharusnya lebih layak. cek aja di RDP https://t.co/EjvewWmlZ7
2/27/2026,ber_irgo,"@sengkwelekpisan @tanyarlfes Klo bpjs mandiri gabakal di non aktifkan lah, kan setiap bulan bayar, yang bpjs pbi baru tuh klo lma gadi pakai dinonaktifkan."
2/27/2026,fuzzy3303sf,@exhaustedhomie @sengkwelekpisan @tanyarlfes Ini baru wacana doang kok dan juga cuma untuk BPJS yg PBI (bantuan pemerintah)
2/27/2026,nebluemoon,"ih aku lupa cerita ngurus surat keterangan hilang ktp buat urus bpjs, polisinya gak tau kalau bpjs anak yg ikut perusahaan ayahnya bisa di stop krna anaknya sdh diatas 20.. jawaban polisi nya ""bpjs kan seumur hidup"" wkwk pak makasihya pasti bapak juga gak tau bpjs pbi nonaktif"
2/27/2026,S_asa94,"@sengkwelekpisan @tanyarlfes Bukannya itu BPJS PBI ya? Kalo yg mandiri aman ko, ayahku entah sudah berapa tahun gak dipake masih aktif"
2/27/2026,abikaara,"@daniellsinaga_ Minimal udah dibawa ke puskesmas atau klinik pakai BPJS PBI, sih, Kak, sama PEMDA. Ah, gak tahu, ah. Pusing.😭😭😭"
2/27/2026,jodha_16," Padahal pajak tdk hanya membiayai MBG tp fasum ,sekolah gratis , subsidi BBM, BPJS PBI bansos dll tp yg disalahkan oleh pembenci tetap MBG "
2/27/2026,lintangtriayu,"semoga terus sukses, PBI BPJS membantu banyak orang https://t.co/16kNFJpa4z"
2/27/2026,Malinichitraayu,"salut untuk program PBI BPJS, rakyat makmur https://t.co/Qt3NmngrjK"
2/27/2026,aishadarasftr,"terima kasih pemerintah atas program PBI BPJS, sangat membantu https://t.co/D5VOIrR3VA"
2/27/2026,pratamaEwirata,"maju terus PBI BPJS, untuk Indonesia yang lebih sehat dan sejahtera https://t.co/HF5RsLLTxc"
2/27/2026,DindaAyuSarizz,dukung penuh PBI BPJS agar maju terus https://t.co/RxWJgx8tCD
2/27/2026,darachyals,kesejahteraan meningkat berkat PBI BPJS https://t.co/wFCRLfRIRV
2/27/2026,bkpm,"Hi, Investeam! Kesehatan merupakan aset penting dalam mendukung produktivitas dan keberlanjutan aktivitas masyarakat. Jika kepesertaan BPJS PBI (Penerima Bantuan Iuran) sudah tidak aktif, peserta tetap dapat mengajukan kembali kepesertaan atau beralih ke jalur lain seperti BPJS https://t.co/w57aLmkhKp"
2/27/2026,aishaDsafitri,mantap! Program PBI BPJS sangat membantu rakyat https://t.co/geDjYogxA5
2/27/2026,xandradwles,"saya mendukung penuh program PBI BPJS, semoga bermanfaat bagi semua https://t.co/l0IHubRsws"
3/1/2026,tantenya_niki,@VanillaTwlight_ @bitxt Soalnya kemarin dia gagal jadi pahlawan BPJS PBI gara2 dibongkar duluan oleh Wali Kota Denpasar
3/1/2026,priowaskit80792,@Heraloebss kemarin aja pbi bpjs kena
3/1/2026,ketiwawgoreng82,"mbg, dwifungsi abri, efisiensi, kenaikan pajak, gabung bop, join israel, stop bpjs pbi, rupiah melemah, sertifikat tanah, gentengisasi, uu ite, koprasi merah putih, gile, dosa pemerintah nemennnnnnn, ni yg aku kepikiran"
3/1/2026,grok,"@9H0st66 Ya, penjelasanmu masuk akal. BPJS Kesehatan defisit Rp20-30T/tahun karena subsidi PBI (miskin) via APBN besar, partisipasi mandiri minim, plus utilisasi layanan tinggi. Rugi per pos wajar kalau iuran tak nutup biaya. Pemerintah lagi bahas naikkan iuran selektif buat non-miskin"
3/1/2026,bps_deliserdang,"status kepesertaan JKN bagi peserta PBI JK. Kegiatan ini dihadiri langsung oleh Kepala BPS Kabupaten Deli Serdang, Elly Suharyadi, yang sekaligus menyampaikan sosialisasi mengenai Data Tunggal Sosial dan Ekonomi Nasional (DTSEN). Rapat dibuka oleh Kepala BPJS Kesehatan"
3/1/2026,GesuriID,"Safari Ramadan, Supratman Soroti Banyaknya BPJS PBI yang Non Aktif https://t.co/wjL2fy87GN"
3/2/2026,magdaleneid,"Kenapa penonaktifan BPJS PBI berdampak signifikan bagi perempuan? Di Indonesia, sistem perawatan orang sakit masih bertumpu pada keluarga, bukan tenaga profesional. Dalam praktiknya, peran caregiver lebih banyak diisi perempuan. Menurut Hariati Sinaga, Dosen Program Studi"
3/2/2026,magdaleneid,"Namun hingga kini, status BPJS PBI milik Eni dan keluarganya belum dapat digunakan kembali. Dengan kemampuan finansialnya yang terbatas, ia hanya bisa berupaya untuk daftar BPJS lewat kepesertaan mandiri untuk putrinya yang butuh pengobatan."
3/2/2026,magdaleneid,"Pencabutan BPJS PBI mencerminkan minimnya pengakuan negara terhadap kerja perawatan. Padahal, subsidi jaminan kesehatan merupakan bentuk redistribusi beban perawatan oleh negara. Dalam laporan ini disebut jaminan sosial kesehatan penting untuk mengakui kerja perawatan karena "
3/2/2026,magdaleneid,"“Ketika BPJS PBI ini diputus, berarti layanan kesehatan (yang tadinya ditopang pemerintah) itu dikembalikan lagi ke keluarga. Hal ini otomatis menyebabkan penambahan kerja perawatan bagi keluarga, khususnya perempuan. Dan pada situasi perawatannya enggak bisa dilakukan di rumah,"
3/2/2026,magdaleneid,"Eni bukan satu-satunya yang terdampak. Penonaktifan BPJS PBI bukan sekadar persoalan administratif, tapi juga bagaimana kerja perawatan yang dipikul perempuan masih belum sepenuhnya diakui sebagai tanggung jawab negara."
3/2/2026,Maizha4,@ARSIPAJA Terus BPJS naik dan PBI non aktif ????
3/2/2026,PDemokrat,"Pemerintah Hadir untuk Rakyat, Demokrat: Pemutakhiran Data PBI BPJS Kesehatan Harus Tepat dan Akurat https://t.co/uhBZcFfHQG"
3/2/2026,BPJSKesehatanRI,"@wonpilated Salam. Jika status PBPU dan BP PEMDA / PBI JK aktif, silakan ke Kantor Cabang BPJS Kesehatan untuk peralihan ke PBPU/Mandiri. Selama data peserta termasuk dalam DTSEN Kemensos dan penjaminan PBI, maka status kepesertaan akan terdaftar di kepesertaan Pemerintah. Tks. :) -ayas"
3/2/2026,SeputarDaerah,"Polemik Kebijakan BPJS PBI di Denpasar, Opini Putu Artha Picu Perdebatan Publik https://t.co/Ih89WtURSr"
3/2/2026,panjiakbarul,"@G0LIATH87 Buktinya dilapangan banyak hak rakyat yg di rampas, bpjs pbi, layanan perpus, masih mau mengaungkan program koruptif mbg dan kopdes yg alergi transparansi juga evaluasi?"
3/2/2026,juicylovevin,@apasimumettau @unsoedmfs Ehh sorry aku ga tau ya kalau BPJS PBI gimana soalnya aku BPJS mandiri buat lebih jelasnya coba tanya aja pas periksa di klinik setau aku bisa buat umum tapi maksimal 2× kata temen ku yang BPJS PBI setelah nya bayar sendiri
3/2/2026,samhugget,"@sjafriesjams Tolong kembalikan BPJS PBI pak, itu sangat berguna sekali untuk warga miskin yang semakin susah ditengah ekonomi sedang sulit seperti sekarang ini"
3/2/2026,narniagotojapan,@minyuwnki @heywannaknoww trs yg nanya nya BPJS PBI
3/2/2026,sraa___,"kemarin bayar denda sekitar 8 JT buat aktifkan BPJS mandiri karena PBI nya tetep gak aktif seminggu lebih setelah diurus, sedangkan hemodialisa harus tetap jalan. eh malah jadi PBI lagi!!!!!!!!!!!!!!"
3/2/2026,subisaja,"@tanyarlfes BPJS @BPJSKesehatanRI PBI gimana ini @KemensosRI ??? Ini lho, ada rakyat yang butuh perhatian Begini masih banyak yang dukung program ga jelas..."
3/2/2026,dariguruhonorer,@heywannaknoww @nyunssi BPJS PBI yang diblokir wowo. Sampe bingung salah gue dimana? Tiap bulan tu bpjs di pake
3/2/2026,perju_angan,@jam1malamm @realDonaldTrump He don't understand about MBG Lansia. Lebih butuh BPJS PBI kayaknya.
3/2/2026,maysa99628,"@KemensosRI Kemensos kerja nyata, semoga dengan adanya pemutakhiran data BPJS PBI bantuan kesehatan diterimakan kepada yang benar benar berhak"
3/3/2026,NakesPuskesmas,"Dapat berita dari tetangga sebelah, perkara BPJS PBI, pejabutnya mengarahkan bsa diproses di puskesmas. Klau soal kerjaan tmbahan enteng banget, giliran pnghasilan tmbahan nakes ""anggaran kita terbatas""."
09/03/2026,@baseconvo,"💙 // Sakit mama keukeh gak mau ke puskesmas, aku bingung banget, kalau ke igd juga belum tentu nerima bpjs (ada syaratnya kan?) Pliss no salty😭"
03/03/2026,@tanyakanrl,Emak gue Dateng sambil ngomel2 ngamuk gajelas :)) bilang kalau gue suruh nurunin kelas BPJS. Sayang2 tiap bulan bayar mahal 150k tapi Ini mksdnya gimana sih?? BPJS bisa dipake apalagi sih selain sakit?? 😔 Ya Alhamdulillah gue gprmh sakit 💚gapernah dipake.
03/03/2026,@KudanielD,"Kalau bapakku nyuruh aku jangan sampai telat bayar. Gak apa2 bayar tapi jangan sampai kepake Bpjs bisa buat scaling gigi, minta vitamin, cek tensi. Semoga bpjsnya gak perlu kepake, Nder. Sehat2 sekeluarga"
03/03/2026,@arlettietwenty,Scaling juga bisa sih pake bpjs
03/03/2026,@pikswinnih,"Cek kesehatan itu wajib, setahun 2x. Dan itu bisa pke BPJS juga."
03/03/2026,@May2905,Serius nanya tambal gigi bisa ga sii pake bpjs???? Aku pernah nambal gigi 10thn lalu tp ini kayanya bekas tambalan dulu bolong lagi? Jd berasa ngiluu gituuu
04/03/2026,@abcdeeelll,"Turunin aja soalnya skarang gak ada kelas2an utk ranap, utk gunain bpjs sewaktu2 diperlukan jg gak pake kelas2an. Klopun jarang dipake karena gak sakit mending cek gigi aja kak, karena bpjs tuh include sama dokter gigi jg slain dokter umum"
03/03/2026,@vousmeachoo,ke psikiater/poli jiwa pake bpjs 🙏
10/03/2026,@collegemfs,"[cm] Sender udah 21+, februari awal sender sudah sidang dan sekarang sudah selesai revisian. Acara Yudisium dan wisuda kampus masih nanti akhir tahun. Kira-kira sender bisa ngk ya minta surat keterangan ke kampus buat BPJS, biar ngk bayar dulu gt? Tia!"
09/03/2026,@snogthenbite,"vidi yg kemungkinan all-in berobatnya ke faskes top aja bisa salah diagnosis, gimana yg wong cilik kayak kita yg masih pake BPJS ya :(("
05/03/2026,@worksfess,work! mau tanya ttg bpjs kak
03/03/2026,@tanyarlfes,Gais mau nanya kalau ke dokter THT tanpa BPJS kira kira kena kena berapa ya sama obatnya? Biar aku bisa kira kirain dana keluar 💚
09/03/2026,@april_hamsa,"Btw ngobrolin mudik, hal yang biasanya paling dikhawatirkan adalah kalau mendadak sakit ketika mudik. Apalagi pengguna BPJS @BPJSKesehatanRI  , khawatir tidak bisa menggunakan layanannya krn tidak berada di domisilinya. #LayananMudikJKN"
08/03/2026,@worksfess,"guys yang work! nya beda kota dengan domisili, trus BPJS kesehatannya gimana ya? faskesnya berubah ke deket tempat kerja otomatis kah?"
09/03/2026,@tanyakanrl,"💚 Disini ada yg pernah rawat jalan ke RS pake BPJS ga? Share pengalamannya dong, katanya harus daftar antrian dari jam 2 pagi 😩"
09/03/2026,@dementxer,"Kalian tahu nggak kalau di BPJS Ketenagakerjaan sekarang ada manfaat namanya Jaminan Kehilangan Pekerjaan (JKP). JKP ini merupakan bantuan manfaat bagi mereka yang terkena PHK. Yaitu uang bulanan, informasi kerja, dan pelatihan."
05/03/2026,@sbyfess,halo -rek info harga ct scan kepala yang murah dan apa isa pake bpjs ya? trimz
09/03/2026,@nymsfbryn,WKWKWKWJ LUCU BGT LG DILAHRIKAN DI BIDAN PK BPJS
10/3/2026,@erlingosc,"Alhamdulillah, nih anak injury-prone bgt jir masalahnya toh udh ada nunes bisa cari opsi lain lah pokok jgn cari pelanggan BPJS lagi"
09/03/2026,@Evi_Fadliah,#LayananMudikJKN tetap bisa diakses melalui layanan di bawah ini.. Supaya masyarakat mudah mendapatkan informasi mengenai pelayanan BPJS Kesehatan.
10/3/2026,@meetmealvi,Gw nyesel bgt gak cabut gigi bungsu pake bpjs jepang dr tahun lalu karena murah bgt cuma 200rb per gigi anjer
11/3/2026,workfess,"work! Guys aku ga tau. Sebelumnya kan aku peserta PBI, nah aku baru dapet kerja yang ada bpjs nya. Berarti status PBI ku hilang kan? terus tadi aku cek di aplikasi kok ada tulisan gini? ini apa ya?"
11/3/2026,AnyelirPinkeu,"Itu krn bpjs km br aktif lg setelah nunggak/krn pindah dr pbi ke mandiri. Klo km rawat inap di rentang tgl tsb, kamu harus bayar denda rawat inap."
11/3/2026,clearzwn,"Ini bpjs khususnya PBI kok bikin pusing Ada pasien lahiran,saat daftar bpjs tidak aktif, ngurus ke desa lalu bpjs aktif pas hari partusnya. Setelah pasien pulang bpjs dicek tidak aktif lagi data bermasalah"
11/3/2026,NakesPuskesmas,Ada kmungkinan sih kak. Biasanya pemutusan bpjs pbi bsa trjadi kpn saja klau iurannya gak dibayar pemerintah. Coba cek kpesertaan di mobile JKN kak
11/3/2026,lurahkombat,"Rakyat Indonesia yang bener bener miskin dan miskin ekstrem malah tidak mendapatkan BPJS PBI, malah sebaliknya 15 juta orang menengah keatas malah menikmati BPJS PBI ! Menteri Sosial nya Korupsi berserta jajarannya sudah di ciduk KPK, pantesan di kampung kampung banyak mencibir"
11/3/2026,Mackemot1,"Banyak kok pedagang seperti ini,tukang sayur,penjual gorengan(siomay bakwan bakso telur gulung,dkk) warteg,naspad mereka ini kyk kerjanya gak necis duitnya banyak,gak semua disimpan di bank,gak bayar pajak,dpt bansos,pkh,bpjs pbi.."
12/3/2026,budhesupita,"1. Yes, segmenmu sekarang Pekerja Penerima Upah (PPU), bukan PBI lagi. 2. Kalau kamu berobat dan harus ranap pada rentang tanggal 02 Maret s/d 16 April 2026, kamu akan kena denda. Kalau nggak ranap, nggak akan kena denda. Note: Besarnya denda nggak menentu. Nanti akan diketahui ketika kamu sudah ranap dan diberi rincian denda oleh petugas BPJS dari RS. Semoga kamu sehat selalu, nggak perlu ranap, apalagi bayar denda, ya."
12/3/2026,cathekinn,"padahal sakit metal itu beneran kerasa di badan. Bapak isinya nyuruh istighfar terus. Muak gw setengah tahun ga bilang apapa. Gw ga ke dokter jiwa lagi, BPJS mati krn PBI. Belom kerja. Ini kalau udah kerja mau gw idupin kontrol lagi."
12/3/2026,iamnggls,Lu tau BPJS PBI? Lu tau ga kalau ada oknum yg jualin itu bpjs per KK 1jt? Biar masuk PBI?  Semua program ada tikusnya kak. Tol aja itu MBZ bsa gelombang karna apa? Di korupsi🙏🏻
12/3/2026,rujaknanas23,"Bpjs sampe sekarang worth it banget sih, fyi BPJS saya bukan pbi ya izin😭"
12/3/2026,MakLoGwSalip208,"Bpjs sih yg gacor beneran, walaupun Kemensos/kes kontol banget PBI malah dicabut (itu bukan salah BPJS ya normies, kementrian nya yang narik sendiri demi MBG yang kaum 58% banggakan)"
12/3/2026,kituffyy,"Kalo asuransi swasta, benefit itu disesuaikan premi kak. Kalo BPJS, benefitnya pukul rata, beda kelas cuma ngaruh di ruang ranap aja. Iurannya juga ga seberapa dibanding benefitnya. Mampu ga mampu sebenernya pemisahnya ya PBI & non PBI. Tapi sekarang yg PBI banyak yg dimatikan."
12/3/2026,simacet,"Bpjs bermanfaat tapi ada juga yg gak bisa bayar pbi pun kemaren sempet diputus, jalan tol bermanfaat tapi tol nya mahal banyak yg protes, mbg bermanfaat tapi banyak yg merasa tersakiti wkw.. Kebijakan itu pasti ada mines/ ada yg gak suka tp ingat gak perlu bikin semua orang suka"
12/3/2026,mbcrushh,"BPJS apalagi yang PBI tuh bener"" ngebantu banget buat orang"" kurang mampu pak"
12/3/2026,Rifky_Mozzza,BPJS PBI dihapuskan kerasa banget sih di grassroot. Prabowo ajng!
12/3/2026,archenmommy,"BPJS izin🙏 Aku pengguna BPJS PBI dulu saat aku masih gadis aku pake berbayar dari 2015 kelas 1, saat 2019 aku turun kelas 2, saat 2022 turun kelas 3, dan saat bapaku meninggal 2024. Kami ngajuin yg PBI ,masa artis itu aja pake PBI aku yg kaum kismin ini malah berbayar, rugi dong"
12/3/2026,Utha_san,"Ke 3 nya bagus asalkan dikelolanya dengan benar. Tapi yang paling bermanfaat ya BPJS, cuman yg pbi itu di sortirnya yg bener dan pelayanan bpjs nya makin maju bukan makin mundur."
12/3/2026,Bukanbasabasi97,"BPJS Ibuku Penerima BPJS PBI, beliau diabetes, sudah berkali kali operasi, Amputasi, pengobatan dll Alhamdulilah tidak mengeluarkan uang sepeserpun.  Lebih baik uang MBG untuk BPJS PBI semua dan Pendidikan Gratis.."
12/3/2026,1313_marti48977,"BPJS, dulu jaman awal keluar Jamkesmas, yg daftarin dulu ma RT setempat krna pas itu aku ma 2 adikku terlantar gara-gara emak minggat, eh trnyata tuh program kepake sampai aku gede lho skrg BPJS PBI"
12/3/2026,fixxbar_,"tapi masih nyesek aja sih itu duit kan bisa dipake buat revitalisasi aceh, bayarin bpjs PBI, sama nge gaji guru honorer😭"
12/3/2026,Ayumichan901,"Kelas 5 SD : tipes + DBD. Kelas 3 SMP pas UN😭 : tipes + DBD, ini sama sakit lambung. Klas 1 SMA 2x : tipes + DBD. Waktu udh kerja : tipes + stress 😭🤧 Untungnya sodara gue bikinin BPJS PBI jadi ga pernah bayar, kontrol+Rontgen sakit paru-paru juga ga bayar Alhamdulillah 😭🤧  "
12/3/2026,elisemom1,"Pakai BPJS PBI atau non PBI berani ngata2in gitu, huuuhhft"
12/3/2026,"QueenImaIsBack","Mulainya saja Desember 2013. 2014 negara sudah di tangan kuasa PDIP Jokowi, wahai bapak bernama asu. Di era Jokowi biadab, tagihan BPJS malah naik. Di era Jokowi periode kedua PBI mulai dikurang kurangi. Di era Jokowi hutang ke RS banyak nunggak ga dibayar. Elu kalau punya kenalan nakes coba tanya gimana makin lama makin kesini makin dipersempit tindakan yg boleh dan yg ga, gimana terbatasnya obat yg boleh dan yg ga  "
13/3/2026,joharisinclair,"BPJS yg bagus, bahkan masyarakat yg punya mobil lebih dari 1  aja punya 1 BPJS (gua ga tahu masih aktif atau engga) dan 1 PBI nah loh hebat ga tuh, belum lagi di cover asuransi swasta dari perusahaan kantornya."
13/3/2026,UnderPaidMD,"Hippocrates prnh blng, seorang dokter hrs mendapat jasa medis agar masyarakat dpt menghargai kesehatan. Mungkin saatnya BPJS PBI dihapus dan premi per bulan dinaikkan agar hal bodoh sprti antivaks dan rokok bisa berkurang. Duit klaim dari anda kecil bro"
14/3/2026,bungakertas71,"Mandiri kak, aku bukan kerja dikantor, dulu kerja gak ada benefit bpjs, jadi murni yang bayar sendiri, dulu sempet PBI karena aku dki kan langsung dpt, tapi aku pindah domisili ganti ke yang berbayar"
14/3/2026,PackHendri,Ngomongin data. Data penerima BPJS PBI aja salah
14/3/2026,fauz13,"Ya bikin Dewe, minta SKTM kan bisa BPJS PBI"
14/3/2026,cityguide911fm,"“Yang memprihatinkan adalah di Desil 9 dan 10, yakni kelompok masyarakat paling mampu atau 'juragan-juragan'. Ada sekitar 17.000 jiwa yang iurannya masih dibayar oleh pemerintah daerah. Ini sangat kontras dengan data BPS..."
15/3/2026,oxfara,"Aku punya pengalaman yg berbeda dgn ini, bbrp taun lalu sempat anter ART berobat di RS beda domisili dari kartu BPJS nya. Alhamdulillah waktu itu tetap dilayani bahkan sampai operasi pun, tidak ada hambatan. Status penerima manfaat BPJS PBI yang dari daerah."
15/3/2026,FEBRIANADK,Maaf... Pbi atau mandiri? Maaf yaaa.. setauku sih bpjs boleh dimana aja kok... Bpjsku jg luar propinsi... Tp krn kerjaan ya aku periksanya ke domisiliku banyak berada. Tapi kl pbi kan tanggungan pemda yaa.. mgkn krn alasan itukah? 
15/3/2026,solitudeslut,"just info kalo kalian bergantung sama bpjs dan merantau, sblm terjadi hal yang tidak diinginkan, segeralah urus faskes bpjs terkini. ataupun udh ga sanggup bayar bpjs, segera urus2 dokumen untuk menjadi bpjs PBI. bkn mendoakan hal yg buruk, tp antisipasi hal yg tidak diinginkan."
15/3/2026,Anakayamlucu1,"Tetap tergantung dokternya kak, aku saat itu lahiran SC pake BPJS PBI.  RS nggak bisa milih, sudah ditentukan sistem. Dan Alhamdulillah dpt RS yg dokternya kompeten banget. Jahitanku kayak dipict sender. cuma benang yg kelihatan di 1 sisi aja. itu pun secuil kuku."
15/3/2026,"cpygcnd","Keknya ini mreka biar cepet alias males ngecek2, smua dikirimin email, yg keberatan tinggal di uncheck. Sama kayk blokir rekening, smua diblokir aja dl. Sama kayk blokir rekening, smua diblokir aja dl. Gitu terus.. emang masyarakat gak boleh cepet2 emosi 😂🤣"
15/3/2026,Joko2boy,"Ini biasanya bpjs pbi yang di bayar pemerintah daerah, beda2 peraturan di setiap daerahnya di daerah kampar riau ada yang namanya uhc bpjs bisa di pakai walaupun belum di buat namun harus segera di urus 3x24 jam. Namun untuk ngurus bpjs harus ada yang namanya karyu keluarga"
15/3/2026,J0YCELLINE,"Lucuk banget. Pkh dari anggaran, dari pajak, dari pendapatan negara, bpjs dari iuran pribadi (kecuali pbi emang dari negara tapi kan balik lagi dapet dari pajak lagi pendapatan lagi), duit rakyat lagi kan ujung2nya mah"
15/3/2026,Ndryeee,"Hal ini masih banyak banget yang nggak paham. Kalo saya yang nggak paham justru standar pemerintah ngebagi Golongan DENSIL sumbernya dari mana? Dicabut BPJS PBI dr mana? Tidak layak PKH, tidak layak keluarga Harapan, standarnya dari mana? Ini yang saya tidak paham malahan. 😁😁 "
15/3/2026,"capekgsie",kenapa gak dibantu urus gitu kah BPJSnya? atau krn BPJS PBI? tapi PBI bukannya udh dinonaktifin ya akunnya sm pemerintah😌.. kalo PBPU kan bisa dibantu pindahin faskesnya aja gasi..
15/3/2026,ganjaransejati,1. Pengurangan penerima PBI BPJS Kesehatan. 2. Pembatasan masuk perguruan tinggi negeri. 3. Pengurangan penerima beasiswa. 4. Pengurangan tunjangan sertifikasi pendidik. Semoga hal tsb di atas bukan untuk mendanai MBG.
15/3/2026,"tuan_kepiting",Ntr anak nya sakit juga ngeluh. Gegera BPJS nya kelas 3 PBI. Hehe
15/3/2026,aranigr,"lah, selama dia bayar premi ya sah-sah aja dia pake BPJS kelas 3. Yang ngeri itu kalo dia mampu berobat keluar negeri, tapi BPJS-nya PBI. Itu baru ga boleh. Kalo dia bayar preminya sendiri ya itu mah hak dia."
15/3/2026,mimoenthusiasm,Aku yg always ngerubah keluhan pasien dan naikin triage nya biar bpjs nya bisa diklaim 😔✋🏻 Tp emang tergantung regulasi jg Kl bpjs nya PBI sumpah susah banget ngurusnya kl udh masalah domisili tu 🙂🙂🙂🙂 
15/3/2026,sefahaha_,"Mjb, aku PBI PerDa Jakarta tp bisa berobat di luar pulau. Ada syaratnya, BPJS di Jakarta minta surat Keterangan Mahasiswa Aktif dari kampus, stelah diserahkan ke BPJS, nanti status faskes I di JKN ganti jadi faskes terdekat dari kampus."
15/3/2026,aripinkturtle,Gak semua BPJS kelas 3 itu PBI ada jg yg Mandiri
15/3/2026,Utha_san,Untuk keluarganya plis klo gak sanggup bayar bpjs buat masukin rsj bisa minta rt rw untuk sktm buat urus pbi. Gak bisa juga? Bisa dipassung atau di kerangkeng dirumah
16/3/2026,afathngantuk,"Luar negeri gak sembuh, balik dalam negeri minta bpjs PBI banyak banget, cuma kan malu buat cerita"
16/3/2026,DemiNamaObul,"karena bpjs pbi sekarang kalo ga dipake2 bisa nonaktif, mbg hadir sebagai solusi. jadi reply di ss itu valid"
16/3/2026,nofeember_,Kucing sakit biaya nya ngelebihin manusia. Babu nya mah pake BPJS PBI 😭😭
16/3/2026,Arrazzi9,"Yg ngasih testi orang kaya, yang ngomel2 pengguna bpjs pbi wkwkwkwk. Sistim asuransi indonesia itu salah satu yg terbaik di dunia dengan ples minesnya"
17/3/2026,lina061213,Iya untuk disabilitas juga juga yah biasa dapat banyak yang sdh tidak dapat lagi sejak prabowo jadi presiden belum lagi teman teman yang biasa dapat PBI BPJS nya kini mereka harus bayar bulan bulum lagi kita kita guru swasta dah ga bisa omong apa apa ttg kebijakan pemerintah
17/3/2026,tukangstickers,"Kalo bpjs Pbi memang gratis dibayarin pemerintah, kalo mandiri tetap bayar iuran kak, jadi dibilang gratis enggak juga, disubsidi iya kalo mandiri.."
17/3/2026,yesmar_banu,Anggaran pembayaran PBI BPJS juga jgn dipotong ya pak. Kemarin aja rame tiba2 anggaran dipangkas
17/3/2026,takoyakibegel,"ART di rumahku PP, dateng jam 8 pulang jam 4 sore. Jobdesk nya, bebersih seluruh rumah, cuci gosok & siram tanaman. Gaji 5.52jt sesuai UMP Depok. BPJS kesehatan gak kubayaran soalnya dia pakai BPJS PBI. Buat ku itu cukup layak walau kadang ngerasa gak enakan akunya."
17/3/2026,aiigoooooooo,"Gak dibedain tapi kalau lu abis duit ke luar negeri balik indo pelit cuma mau bayar iuran kelas 3 atau PBI, atau lu bawa mobil mentereng ke RS tapi pake BPJS kelas 3 atau PBI lagi, boleh dong elo kami nyinyirin."
18/3/2026,alex_62812,"Paling bener stop programnya, dan hanya fokuskan ke daerah 3T dan rentan gizi buruk. Bisa hemat ratusan triliun, sisa anggaran pendidikan tersebut alihkan langsung ke Kemendikdasmen dan Kemendiktisaintek. Sisa anggaran kesehatan yang dipakai buat penguatan BPJS PBI 🙏"
18/3/2026,RebornUia,Justru itu yg d sikat krn adanya MBG sm KDMP wkwkwk. Brp bnyk paserta PBI yg d coret? Ada kasus RS menolak cuci darah krn PBI d cabut pdhl udh d jdwlkan bln sblmnya dg BPJS. Dana bos bs utk ATK murid krng mampu shingga bs mncegah anak SD bnh dri krn tdk mampu membeli alat gambar
18/3/2026,jawir69,"Duuh mbak. Jangan dulu laah....Trauma BPJS PBI yg di CutOff oleh KemensosRI aja blom hilang dari ingatan, Lagian mereka Kriminal karena Perbuatannya, gak pantas ditanggung Negara BPJS nya"
18/3/2026,giIangmahesa,"Sampai bulan ini, Proyek MBG sdh menghabiskan 44 T APBN, setara : 254.335 unit rumah subsidi baru, 1,46 juta unit Huntara Sumatera, 87.301.587 jiwa tercover PBI BPJS, 1.047.619 guru digaji cukup layak selama 1 thn, 24 jt penduduk miskin mendapatkan sembako per 2 bln selama setahun."
18/3/2026,Bravo_munte,"Anak² bisa makan siang 8-10 ribu, tapi ketika sakit, tidak bisa berobat karena bpjs PBI dicabut."
19/3/2026,PDI_Perjuangan,"Penonaktifan BPJS Kesehatan bagi peserta Penerima Bantuan Iuran (PBI) berdampak pada hilangnya akses layanan kesehatan, terutama bagi masyarakat kurang mampu yang terpaksa gagal berobat bahkan hingga ditolak oleh rumah sakit. Hadirnya Kapal Rumah Sakit Apung Laksamana Malahayati milik DPP PDI Perjuangan di Pelabuhan Kalibodri Kendal, memberi secercah harapan bagi masyarakat khususnya di wilayah pesisir Kendal. Dengan kolaborasi 3 pilar PDI Perjuangan yaitu, DPC PDI Perjuangan Kabupaten Kendal, Anggota Fraksi PDI Perjuangan DPR RI Mochammad Herviano, Bupati Kendal Dyah Kartika Permanasari, serta Fraksi PDI Perjuangan kendal bersama tim kesehatan RSA Laksamana Malahayati. Dalam kegiatan bakti sosial dan pengobatan gratis ini Tim Kesehatan RSA Laksamana Malahayati telah melayani pasien sedikitnya 350 orang perhari, selama dua hari. Tak hanya itu bagi pasien yang telah selesai berobat juga diberi bingkisan berupa sembako."
20/3/2026,dibaliktembokrs,"That ""layanan kesehatan gratis"". Pdhl udah ada bpjs tinggal urus bpjs pbi. Masyarakat mau dilenakan dengan kata² ""gratis"". Giliran udah naek daun, nakes & named ditekan².  Lagu lama emang. Makanya pada males milih ya gara² begini 🫢"
20/3/2026,BPJSKesehatanRI,Peserta PBI JK sesuai dengan DTSEN (Data Tunggal Sosial Ekonomi Nasional) yang telah ditentukan oleh Pemerintah Pusat sesuai SK Kementerian Sosial.Terima kasih. :) -starla (3/3)
20/3/2026,tartapplesauce,kalo PBI BPJS aja bisa disetop sehari-semalam mestinya anggaran MBG juga bisa langsung berhenti
20/3/2026,Widyawa64704930,"Klo miskin ada bpjs pbi, yg repot justru yg setengah miskin sih krn gak dicover jaring pengaman sosial apa2. Ingat standar miskin bps yg gak ngotak itu ya, yg seandainya karyawan bps hrs menjalàni hidup dgn kriteria tsb jg gak akan sanggup !!"
10/04/2026,Tanyarlfes,"nangis baca ini, ada dokter jantung yang mau mengupayakan kesembuhan pasiennya walau pasiennya peserta BPJS PBI, tapi malah dipecat sepihak sama rumah sakitnya 💚"
10/04/2026,Tanyarlfes,alasan lainya juga gara² vokal membela temen sejawatnya yang dimutasi karena alasan yang gak masuk akal 😔
07/04/2026,@piinkrosies,"disini kan semuanya diduitin wkwkwk harusnya peserta bpjs dapet perlakuan sama dong kan fungsi bpjs buat membantu mereka yang emg harus dibantu bukan malah dipersulit, gada maknanya dong kalo gitu pke bojs juga"
08/04/2026,@mimibuying,"menurutku justru yg bobrok adalah bpjsnya.. jujur rs juga ga jarang rugi karena klaim ke bpjs tuh susah dan berubah2 kebijakannya setiap waktu. ada case misal bulan januari regulasinya A , lalu februari regulasi berubah jadi B, nah kl berkas bln jan baru di klaim bln feb—"
07/04/2026,@AqidaJamal,"Sekalian mau tanya, biaya bpjs mandiri naik 100% ya min? Tagihanku 2x lipat dalam bulan ini, padahal gak ada tunggakan"
08/04/2026,@Turnitin1500,Tapi memang ada bbrp doktor or perawat yg maaf g melayani pasien BPJS dengan baik:( dulu saudaraku sakit gagal ginjal sm dokter disuruh ganti obat yg mahal tapi kata perawatnya obat itu g ada stoknya padahal sebenarnya ada akhirnya dokternya marahin tu perawat didepan saudaraku
10/04/2026,@JukiHoki,Kuliah mahal BPJS gak ada kelas tapi tarifnya mau disesuain ama nominal gaji. Gini amat negara BU.
06/04/2026,@tanyakanrl,"biaya cabut gigi bungsu atas sama bawah tuh sama gak? yang bawah tuh tiduran, yang ini pengennya pake BPJS aja, yang atas satunya miring ke pipi, satunya miring nyender ke gigi gerahamm, rencana yang atas pengennya bayar mandiri ajaa, tapi takut liat harganya 😭"
06/05/2026,@Jaring_UburUbur,"ini ada perubahan kebijakan apa gmna? aku thn 2021 kmren lgsung 2 sih, bhkan nambah 2 gigi geraham yg akarnya udh mati, jdi total cabut 2 gigi bungsu yg impaksi dan 2 gigi geraham, full dicover bpjs"
06/06/2026,@moonyoongi26,"Lahh kok gituu? Aku cabut 4 gigi bungsu di 2024 semuanya full bpjs loh nder? Biaya rongten, op, kontrol lanjutan pun semua dicover. Apa udh beda ya peraturannya?"
05/04/2026,@worksfess,"work! udah 2.5 tahun kerja di company sekarang, tp ga dapet bpjs kes & bpjstk. kalopun mau dapet harus ngajuin sendiri + nunggu approval atasan wkwk. pdhl bs dibilang company gede, cabang jg ada banyak se indo:("
07/04/2026,@worksfess,"work!sender mau tanya ttg bpjs. Sender dulu sewaktu belum kerja, satu KK dapat BPJS PBI, lalu sekarang BPJS nya nonaktif semua. Apa karena sender sekarang sudah kerja, ada gaji umk, sama dapat BPJSTK? Jadi BPJS PBI nya nonaktif?"
05/04/2026,@worksfess,work! guys kalo nomor izin usaha itu adanya di file apa ya? aku pegangnya cuma NIB sama NPWP. ini buat daftar BPJS Kes btw
10/04/2026,@worksfess,Work! Kalo bpjs kes dan ketenagakerjaan seluruhnya ditanggung perusahaan tu kita ga dipotongkah? Soalnya kan setau aku ada brp persen yg dibyr pegawai dan perusahaan atau emg ada yg ditanggung perusahaan semua?
09/04/2026,@worksfess,Work! Aku baru keterima kerja dan BPJS sender mati. Apakah sender harus bayar tagihan BPJS dulu?
01/04/2026,@worksfess,Work! Kalau kita udah kerja beberapa tahun. Diawal sudah dikasih tau dpt bpjs ketenagakerjaan 3 program termasuk yg jht. Baru kemarin tau ternyata cuman didaftarin program jaminan kematian sama kecelakaan kerja aja huft.. mau protesss sebel bgt
06/04/2026,@tanyakanrl,"💚 guys aku ada BPJS rujukan ke dokter di RS buat penyakit dalam sampai Juni, kalau mau buat rujukan buat gigi di RS, harus nunggu yang Juni habis dulu ya waktunya? Ngga bisa barengan? Atau bisa? Makasih 🙏"
06/04/2026,@JhonYohanas,"Kalau beda rujukan bisa buat lagi, bahkan sampai banyak rujukan juga bisa Tapi jangan datang di hari yg sama dengan jadwal kontrol ke Penyakit dalamnya Apa BPJS dan Faskesnya enggak edukasi? Mereka malas edukasi karena takut kapitasinya di potong kali"
06/04/2026,@richviltrumite,baca di berita2 di google dari petinggi bpjs nya bilang bisa kok
06/04/2026,@WidyawatiPuji,"Kalau barengan dalam satu hari setauku gak bisa, itu kata dokter di RS tempat biasa aku periksa, kalau beda hari bisa. Kalau maunya satu hari langsung bisa satu pake bpjs satunya umum"
09/04/2026,@worksfess,"klo ada tawaran work! dibekasi tp gaji under umr, gada bpjs, kerja full smp sabtu 8-6. mending ambil atau sabar aja ya? udh capek nganggur pgn punya uang sendiri krn tabungan udh menipis 😭🙏🏻"
09/04/2026,@MenteriPekerja,PENGEN MARAH MARAH LIAT INI  kok bisa ngasi rincian potongan bpjs kayak gitu semua di bebankan ke pekerja
09/04/2026,@yappingfess,Yap! Maafkan sya dokter bpjs yang tadi jadi bete dan marah krn sya budek 😭🙏
01/04/2026,@tanyarlfes,"guys ini BPJS ngga bisa dinonaktifkan secara mandiri ya, keluarga merasa berat kalo harus bayar tiap bulan "
01/04/2026,@ratusaaann,"Jangan matiin bpjs. Kalo ada kondisi urgent kebantu banget! Maaf tapi kalo kekuargamu golongan tidak mampu ajuin ke dinsos, urus rt rw. Kalo gak bisa masuk PBI turun kelas aja. Aku dari kelas II turun ke kelas III. Sebulan 35rb/orang."
01/04/2026,@totomycat,"Turun kelas aja, atau ganti ke PBI. Bpjs jangan smpe non aktif, buat jaga2. Emang bayar iuran lagi sulit tapi perlu diperhatiin kedepannya, klo dinonaktifkan nanti misalnya amit2 ada kejadian sakit harus dirawat kamu malah lebih kelimpungan soal biayanya nder"
01/04/2026,@feriindrawab18,"Saran sih jangan di nonaktifkan. Jika merasa keberatan bisa turun kelas, ambil kelas yang rendah saja. Mau gimana pelayanan BPJS, tapi ini helpful banget buat kondisi darurat."
01/04/2026,@prilempril,"Turun saja ke kelas 3, lebih ramah kantong. Dalam kondisi darurat BPJS sangat membantu buatku yg g sanggup bayar premi asuransi swasta.. kalau masih tidak sanggup juga daftar buat jd PBI (meskipun susah lolosnya)"
01/04/2026,@gajitaknaiknaik,"Bayar BPJS aja berat, apalagi kalau bayar berobat saat sakit. Tolong sebisa mungkin berusahalah untuk bisa dibayar BPJS nya, karna hari sial gak ada di kalender. Jangan saat ada keluarga sakit dan butuh BPJS, baru bingung gimana biaya berobatnya."
01/04/2026,@RoyLaini12,"ganti kelas 3. bayaran ga mencekik lebih murah daripada rokok legal. mau dijelekin gimanapun, BPJS membantu banget bagi keluarga saya yg ga mampu pakai asuransi swasta atau bayar secara umum."
01/04/2026,@mencobavalid,"coba kalau keberatan datang ke BPJS terdekat nder, bilang keluh kesahnya seperti apa, daripada nanti pas dipakai diitung nunggak terus"
09/04/2026,@hadeshateares,"fyi BPJS Kes sm TK ada porsi karyawan sama perusahaan masing-masing… dan dr data ini pun udh ketauan gaji km berapa tp kalo casenya gini run der cari kerjaan baru kecuali km memang butuh duitnya, aku cuman bisa bilang yg sabar dan kuat ya😭🙏"
09/04/2026,@paleeisme,"tanggal2 e melakukan adegan dewasa (bayar wifi, bpjs, pdam, pgn)"
09/04/2026,@_100801,"sinting anjir perusahaannya, bpjs full potong gaji"
09/04/2026,@valliisaa,"Mau km pejabat atau orang berkepentingan di daerah itu, kalo ga masuk kriteria gawat darurat dan ga sesuai ketentuan BPJS, ya mohon maaf harus mengikuti aturan yg ada. Jangan marah marah nyalahin dokter sama perawatnya dikira ga becus nangani pasien."
09/04/2026,@toamajid,"lagian udah setahun lebih, tahun ini udah ngelewati lebaran alias THR udah cair kenapa ngga resign aja coba? saldo BPJS udah lebih dari 5 juta palingan. resign aja ndut"
09/04/2026,@itsbyu_fajar,Pengajuan klaim bpjs ketenagakerjaan dalam proses. Video call sudah terjadwal. Tapi sudah lewat dari jadwal belum ada video call juga? Gmn?
09/04/2026,@valliisaa,"Kadang jg pasien diberi edukasi kalo kondisinya emang harus ke faskes 1 dulu tetep ngotot minta ditangani di IGD dengan BPJS, kalo ga bisa pake bpjs komplain marah marah. Padahal BPJS jg ada aturannya. "
09/04/2026,@NakesPuskesmas,"Obatnya bener gratis kak meskipun tanpa BPJS, tp pemeriksaan penunjangnya gak semua gratis kak klau gak punya BPJS"
09/04/2026,@apralzolam ,Jadi samsak pasien bpjs🙏🏻. Orang bpjsnya mah kabur xixixi
09/04/2026,@TabatiereMaddok,"Penyebab jaspel telat ya karena gagal klaim BPJS, hak nakes dipake buat nalangin operasional. Kalo kayak gini kok ada yang bilang ""dokter enggak manusiawi"". Sampluk lambene mbik ngomong CANGKEMU KOBONG. Wis ditulungi, dibayari, kok isih ngunek nguneke. 😤"
09/04/2026,@controversweet,Perokok gak layak dapat layanan BPJS.
09/04/2026,@syuluslune,"banyak yg harus ditanggung, jam kerja gk sesuai sm gaji, trs pas sakit juga susah karena mahal, pake bpjs juga dipersulit, miris bgt ya 😭"
09/04/2026,@LBHMasyarakat ,[Penonaktifan Status BPJS Kesehatan PBI: Jalan (Makin) Terjal Pemenuhan Hak atas Kesehatan bagi ODTB]
09/04/2026,@LBHMasyarakat ,Penonaktifan jutaan BPJS Kesehatan (@BPJSKesehatanRI  ) PBI bikin banyak orang baru sadar statusnya hilang saat berobat — termasuk ODTB yang wajib kontrol rutin.
09/04/2026,@LBHMasyarakat ,"Di tengah momen Hari Tuberkulosis Sedunia 2026, kejadian ini justru memperlihatkan betapa rapuhnya akses layanan kesehatan dasar di Indonesia"
09/04/2026,@NakesPuskesmas,"Bayangkan untuk sekedar menjamin penderita TB berobat rutin, bahkan kalau negara mau membayarkan seluruh BPJS Kesehatan Kelas III (Rp 25.500/bulan) untuk menjamin hak terhadap akses kesehatan kepada seluruh penduduk Indonesia yang saat ini berjumlah 287 juta jiwa selama setahun penuh, maka pemerintah hanya perlu menyiapkan anggaran sebesar Rp 87,8 T, atau hanya setara anggaran MBG selama 2,5 bulan."
09/04/2026,@rashifakilla,Abis cerita2 sama temen di kantor lama yg bantuin cowonya ngurusin BPJS sama apply kerjaan buat si cowo krn abis kena layoff. Gila anjir perusahaan2 skrg mana sih yg gak redflag?!
09/04/2026,@ardhiu1,"Temen gw yang magang di RS cerita. Ada dokter bedah yang terpaksa potong gajinya, gara-gara anggaran BPJS ga bisa nutup buat operasi tertentu. "
09/04/2026,@ntsyhwng,Anjim bgt rasanya gw kerja bertahun2 kaga pernah cover BPJS apapun.. Mana under UMR
09/04/2026,@changumss,"Mana aturan bpjs yg suka berubah-ubah. Pernah gagal klaim gara2 diagnosanya KPD (ketuban pecah dini) karena dianggap bukan kasus gawatdarurat, padahal bulan sebelumnya jg masih bisa lolos klaim masa tbtb gak lolos kan aneh."
09/04/2026,@srftitriani,"Sangat menyesali betapa naif nya gue dulu yang gak mengedukasi diri terkait hal ini, yang berujung 4 tahun kerja BPJS Ketenagakerjaan cuma 10jt lebih dikit HAHA. Mana slip gaji sama sama realita nya beda lagi. Padahal kerjanya di NGO yg ngaku2 aktivis."
09/04/2026,@smilingrainp,kenapa sih ke rs tu mahal😭yatau bisa pake bpjs tapi ribet soalnya ada banyak hal yg pengen aku konsultasi
09/04/2026,@indra_kencana ,"Kanker lidah+ merokok+lagi pas kemo Damn, jangan bilang ini bpjs pbi Buang2 anggaran"
09/04/2026,@pras18ter,Bapak sadar ga pemilih bapak udah nyesel pilih gegara ekonomi mandek bahkan tambah parah dan BPJS kesehatan mereka dicabut subsidi nya?
09/04/2026,@BPJSKesehatanRI,"Salam. Silakan bisa pilih menu ""Pengaktifan Kembali Status Kepesertaan"" lalu ""Pindah Jenis Peserta Non Aktif Menjadi PBPU/Mandiri"". Terima kasih. :) -oscar"
09/04/2026,@ayluvmii,BPJS sinting
09/04/2026,@win2wayv,weh parah banget ternyata bener pasien bpjs di skip ges
09/04/2026,@BPJSKesehatanRI,"Sekarang bayar iuran BPJS Kesehatan makin gampang banget. Tinggal aktifin Auto Debit, iuran langsung terbayar otomatis tiap bulan."
2/5/2026,Beritasatu,Badan Penyelenggara Jaminan Sosial (BPJS) Kesehatan memberikan penjelasan terkait keluhan puluhan pasien yang tidak dapat menjalani cuci darah akibat penonaktifan kepesertaan program Jaminan Kesehatan Nasional (JKN) segmen Penerima Bantuan Iuran (PBI) tanpa pemberitahuan https://t.co/5tClwWzt5E
2/5/2026,MurtadhaOne1,"Rezim Prabowo memang tak punya empati🤬 Ratusan ribu pasien gagal ginjal tak bisa cuci darah akibat BPJS PBI di seluruh Indonesia, mendadak di-non-aktif-kan tanpa pemberitahuan https://t.co/QMLuBWXshs"
2/5/2026,Resetmylfe,"Okee, baru cek dan ternyata bpjs pbi w nonaktif, kampret kampret."
2/5/2026,moanaohanaaa,"Ditengah banyaknya berita BPJS PBI dinonaktifkan, aku berterimakasih pada diriku sendiri, karena wkt ini keras kepala banget suruh ninikku utk pindah BPJS ke mandiri🙃 syukurnya beliau nurut, ga kebayang udh tua tiba2 (amit2) perlu perawatan yg pake BPJS harus bayar Umum.."
2/5/2026,tvOneNews,Penonaktifan kepesertaan Penerima Bantuan Iuran (PBI) BPJS Kesehatan dinilai berisiko memutus layanan kesehatan bagi pasien penyakit kronis. Simak selengkapnya di https://t.co/DBh6QwZknq #HardNews_Kebijakan #CariBeritaditvOne #NewsOne #PBI #BPJS #PenyakitKronis #NO01 https://t.co/SyDI7CW3hV
2/5/2026,MariaAlkaff_,Astaghfirullah…. 😱😱 Ini soal hidup dan mati. Ratusan Pasien Gagal Ginjal Tidak Bisa Cuci Darah Akibat BPJS PBI Tiba-tiba Dinonaktifkan. Komunitas Pasien Cuci Darah Indonesia (KPCDI) menerima ratusan aduan dari pasien gagal ginjal di berbagai daerah yang tiba-tiba https://t.co/NnXGOPDIGE
2/5/2026,Bintu__Baba,"Inna lillahi… 😭😭 Ini sih namanya memutus harapan hidup orang. BPJS PBI diputus mendadak tanpa pemberitahuan, membuat ratusan pasien baru mengetahui status nonaktif saat tiba di rumah sakit. Layanan dihentikan lebih dulu, sementara pasien diminta mengurus pembaruan data https://t.co/NbSsXw6OUT"
2/5/2026,tijabar,"Ramai PBI JK Mendadak Nonaktif, Komisi IX DPR Akan Panggil Menkes-BPJS Coba di cek deh BPJS masih aktif apa nggak... jangan sampai pas dadakan harus berobat ternyata tidak aktif. 🌐 https://t.co/JBdvFWLpz3 https://t.co/eUVTOdMBxl"
2/5/2026,akuratco,"⚠️Banyak pasien peserta BPJS PBI terlunta-lunta, BPJS Kesehatan harus segera bikin sistem darurat aktivasi ulang⚠️ Wakil Ketua Komisi IX DPR RI Charles Honoris meminta BPJS Kesehatan segera menyiapkan mekanisme darurat untuk aktivasi ulang kepesertaan Jaminan Kesehatan https://t.co/I25oeNHL30"
2/5/2026,KompasTV,"Anggota DPR Kritik Penonaktifan BPJS Kesehatan PBI JK Secara Tiba-Tiba, Desak Kemensos Evaluasi https://t.co/ejItvTBIna"
2/5/2026,dosenkesmas,"BPJS bikin video isinya: - Ke""kacauan"" ini bukan salah mereka - Terkesan menyalahkan ""Kementerian Sosial"" - Tips mengaktivasi kembali 1. Pastikan masuk dalam penerima PBI bulan sebelumnya 2. Masuk kategori miskin atau rentan miskin 3. Butuh emergency 4. Lapor Dinas Sosial https://t.co/FprS6NCb5R"
2/5/2026,detikkalimantan,"Ramai BPJS PBI Nonaktif, Simak 4 Jenis Kepesertaan BPJS Kesehataan https://t.co/BvOxf1DBRi"
2/5/2026,SINDOnews,Kementerian Kesehatan (Kemenkes) menanggapi para pasien cuci darah yang kini tak bisa berobat menggunakan layananan BPJS. Hal ini lantaran kepesertaan Penerima Bantuan Iuran Jaminan Kesehatan (PBI JK) mereka mendadak nonaktif. Menteri Kesehatan Budi Gunadi Sadikin mengatakan https://t.co/5GCtoddNbN
2/5/2026,RadioElshinta,"Mensos Tegaskan RS Wajib Layani Pasien BPJS PBI. Menteri Sosial Saifullah Yusuf atau Gus Ipul menegaskan rumah sakit dan fasilitas kesehatan tidak diperbolehkan menolak pelayanan terhadap pasien BPJS Kesehatan segmen Penerima Bantuan Iuran Jaminan Kesehatan (PBI-JK), termasuk https://t.co/Nem4DWTfFg"
2/5/2026,KompasTV,Cara Mengaktifkan Kembali BPJS PBI JK yang Dinonaktifkan Beserta Syaratnya https://t.co/RzzoGeFI5h
2/5/2026,RadioElshinta,"Belakangan ini beredar kabar, peserta BPJS PBI tidak dapat mengakses layanan kesehatan, karena status PBI-nya non aktif. Sementara beberapa waktu pemerintah melalui kementerian sosial terus melakukan perbaikan/pemutakhiran Data Tunggal Sosial Ekonomi Nasional (DTSEN), dengan https://t.co/ibjngGXh0E"
2/5/2026,RadioElshinta,"Ramainya keluhan soal penonaktifan kepesertaan PBI BPJS Kesehatan mendapat sorotan publik. BPJS Kesehatan menegaskan kebijakan itu merupakan pemutakhiran data penerima bantuan sesuai SK Menteri Sosial Nomor 3/HUK/2026 yang berlaku sejak 1 Februari 2026, dengan peluang reaktivasi https://t.co/Wcpn8tIZ0R"
2/5/2026,daynswiftly,"Gue sedih bgt ih yg bpjs pbi dicabut itu........ Sebagai orang yg harus kontrol tiap bulannya, paham bgt rasa sedihnya tbtb ga bisa berobat😭😭😭😭😭 kek.... Apalagi kl krusial macem cuci darah..... Itu pemerintah mikir ke arah sana gak sih?????"
2/5/2026,whenscarves,"Man, menurut gue evil banget sih tiba2 bpjs pbi dinonaktifkan Kebayang ga orang yang harus nebus obat untuk hidup udah jauh2 terus tertolak Anak-anak yang perlu diterapi Orangtua yang sudah nunggu antrian Pure evil"
2/5/2026,theogidn,"Akses cuci darah ratusan pasien terhenti mendadak akibat penonaktifan BPJS PBI secara sepihak. KPCDI mengecam keras hal ini. ""Bagi pasien cuci darah, ini bukan sekadar urusan administrasi; ini soal hidup dan mati,"" tegas Ketum KPCDI, Tony Richard Samosir. Kemensos menjelaskan https://t.co/4Wofl8s8R1"
2/5/2026,IDNTimes,KPCDI Kecam Akses BPJS PBI Pasien Cuci Darah Dicabut Mendadak https://t.co/WNZVyGJKxg
2/5/2026,IDNTimes,Menkes Buka Suara soal 11 Juta PBI BPJS Kesehatan Mendadak Dimatikan https://t.co/bVguBwklTU
2/5/2026,natyapi,"Ohhhhhhhh ini counter buzzernya, dari kemaren baru liattt sejak huru hara bpjs pbi pada non aktif. Sekali lagi, kita gatau dia hanya menulis fiksi atau bukan yaaaak wkwkwkwkwk"
2/5/2026,Dennaaja_,Di tiktok sama ig lagi rame bpjs pbi ribuan orang dicabut. Duit negaranya abis kali dipake buat MBG sama daftar ikut kelompok pendukung zionis trump board of piece
2/5/2026,kompascom,"""Ya mestinya disanksi oleh BPJS dong, ini berarti kan rumah sakitnya bermasalah, rumah sakitnya yang harus ditutup,"" kata Gus Ipul saat ditemui di Kantor Kemensos, Jakarta Pusat, Kamis (5/2/2026). Baca selengkapnya: https://t.co/3C273jMj8D. ~SN #Kemensos #BPJSkesehatan https://t.co/xXDYHFOdeT"
2/5/2026,alisyarief,BPJS Kesehatan: Ini 3 Kriteria Peserta PBI yang Masih Bisa Aktifkan Lagi Kepesertaannya https://t.co/olavqf079L
2/5/2026,kompascom,"BPJS PBI Indah nonaktif mendadak, muncul tunggakan Rp 1,9 juta. Ia melunasi tunggakan agar kembali ke BPJS mandiri dan berobat. Indah memilih BPJS kelas 3 Rp 35.000 per bulan agar berobat tak tertunda. Baca selengkapnya: https://t.co/ciABG23GiY ~RK #BPJS #PBI #Depok https://t.co/lWjUGB0y6M"
2/5/2026,kompascom,Gus Ipul Sebut RS yang Tolak Pasien BPJS Kesehatan PBI: Harus Ditutup! https://t.co/3C273jMj8D ~TR #BPJSPBI
2/5/2026,KompasTV,Cara Cek Kepesertaan BPJS Kesehatan untuk Tahu Status PBI JK Aktif atau Tidak https://t.co/b4nBNlCyss
2/5/2026,mediaindonesia,"WAKIL Ketua Komisi IX DPR RI, Charles Honoris, mendesak BPJS Kesehatan untuk segera merancang mekanisme darurat bagi aktivasi ulang kepesertaan Jaminan Kesehatan Nasional (JKN) segmen Penerima Bantuan Iuran (PBI). https://t.co/vfBWn6cP9d"
2/5/2026,RichHealthyFun,"Pemerintahmu emang pengen kamu bodoh (sekolah gratis bukan prioritas, ukt mahal), sakit-sakitan (bpjs pbi dinonaktifkan tanpa mitigasi jelas) biar kamu cuma mikir yg penting kenyang (mbg meski kiamat) supaya kamu ga kepikiran ada yg salah sama negara ini + bisa disuap pas pemilu"
2/5/2026,kompascom,Anggota DPR Sebut Penonaktifan BPJS PBI karena Perubahan Kondisi Ekonomi ~AA Baca di sini: https://t.co/tJ2QOIXDXX
2/5/2026,mediaindonesia,"KOORDINATOR Advokasi BPJS Watch, Timboel Siregar, menilai penonaktifan peserta PBI JKN dan PBPU dilakukan tanpa ukuran yang jelas dan berpotensi mengorbankan warga miskin https://t.co/tae8LzvxGd"
2/5/2026,RichHealthyFun,"Di titik BPJS PBI dinon-aktifkan tanpa pengumuman dan mitigasi yang jelas, kalau ada yg nyukur2no atau maki2 pemilih 02 dan influencer 02 gue bisa paham banget 🙏"
2/5/2026,kompascom,Menkes Budi Gunadi Sadikin menanggapi BPJS PBI yang mendadak nonaktif. Kemenkes berkomunikasi dengan BPJS soal perubahan data peserta dari Kemensos. Pertemuan lintas kementerian disiapkan untuk mencari solusi. Baca selengkapnya: https://t.co/UGs0Zritqv ~RK #Menkes #BPJS #PBI https://t.co/Kh5OweZHG9
2/5/2026,kompascom,Begini Cara Reaktivasi BPJS Kesehatan PBI yang Dinonaktifkan ~SN Klik untuk baca: https://t.co/siGQhxyfNh
2/5/2026,IDNTimes,Anggota DPR: Penonaktifan PBI BPJS Jangan Putus Layanan Pasien Kronis https://t.co/kSAQ8QhD31
2/5/2026,harapanrakyat_,Gus Ipul Ancam Tutup Rumah Sakit yang Berani Tolak Pasien BPJS PBI Nonaktif https://t.co/ftdZe5Rsio
2/5/2026,Gi_N0ng,Saat ini puluhan pasien gagal ginjal kehilangan akses pengobatan karena status kepesertaan BPJS PBI mereka tiba-tiba nonaktif tanpa pemberitahuan.. Dimana negara saat kondisi darurat kesehatan bagi kalangan tidak mampu itu terjadi saat ini? https://t.co/e4pbalKJyN
2/5/2026,detikHealth,"Viral Peserta PBI Nonaktif Disebut gegara Anggaran Pindah ke MBG, BPJS Bilang Gini https://t.co/9XF5eKGW6g"
2/5/2026,Otto_0967,Bagi kalian yang sedang sakit dan harus cuci darah sementara dicuci dulu pakai sabun detergen dulu sebab anggaran kesehatan mau dialihkan ke dapur MBG...!! Harap maklum para peserta BPJS PBI.. . Titip Hari kanker sedunia Perang dunia lll Semoga HMI https://t.co/MeoOa9KxGk
2/5/2026,kompascom,Sejumlah wilayah di Jawa Barat salah satunya Depok dan Bekasi ramai diperbincakan soal status Penerima Bantuan Iuran (PBI) BPJS Kesehatan yang dinonaktifkan mendadak. Baca di sini: https://t.co/aaJdoxKAFA ~AA #BPJS #PBI #JawaBarat https://t.co/YBXVUmCCWm
2/5/2026,kompascom,Anggota DPR Kritik BPJS Nonaktifkan PBI: Orang Sakit Jadi Korban ~AA Baca di sini: https://t.co/0NQqSo89fq
2/5/2026,BPJSKesehatanRI,@rolando08588479 Salam Sehat Sahabat. Penentu keaktifan PBPU dan BP PEMDA/ PBI JK sesuai dengan kebijakan Dinas Sosial berdasarkan perjanjian kerja sama Pemerintah Daerah dengan BPJS Kesehatan serta DTSEN (Data Tunggal Sosial Ekonomi Nasional). Terima kasih. :) -riko
2/5/2026,ntoneztu,"Lagi rame peserta BPJS PBI dinonaktifkan, semalem pak RT share seperti ini.. Rakyat sudah susah, dibikin repot lg sama pemerintahnya https://t.co/TLigRpBQm9"
2/5/2026,kompascom,Anggota DPR Sebut Penonaktifan BPJS PBI karena Perubahan Kondisi Ekonomi ~WR Klik untuk baca: https://t.co/tJ2QOIXDXX
2/5/2026,harapanrakyat_,"Ribuan Peserta BPJS PBI di Kota Banjar Dinonaktifkan, Tak Bisa Akses Layanan Kesehatan? https://t.co/0GPBn1vhYb"
2/5/2026,spicytunamayo_,"Serem banget BPJS PBI banyak yg dinonaktifkan. Aku pake BPJS PBI lagi tiga tahun ini, untuk ke psikiater."
2/5/2026,KompasTV,Komisi IX DPR Desak BPJS Segera Buat Mekanisme Darurat Aktivasi Ulang Kepesertaan JKN PBI https://t.co/vTzlYl5qVG
2/5/2026,mootstiara,Soal bpjs pbi nonaktif tuh dari bpjs sebelumnya diem aja gaada ngasih notice sebelumnya ya? Kalo iya jahat banget sih.
2/5/2026,detikHealth,"Kata Menkes soal 160 Pasien Cuci Darah Tak Bisa Berobat, PBI BPJS Tetiba Non-aktif https://t.co/wMRCpVtfok"
2/5/2026,energijuangnews,"Peserta BPJS PBI Nonaktif, DPR Panggil Menkes-BPJS https://t.co/vBMPqQQ7br"
2/5/2026,Harian_Jogja,"30.489 Peserta PBI BPJS di Bantul Dinonaktifkan, Ini Penjelasannya https://t.co/XU6GWwQ3Hy https://t.co/pwkDLsvUOh"
2/5/2026,kompascom,"""... telah dilakukan penyesuaian di mana sejumlah peserta PBI JK yang dinonaktifkan, digantikan dengan peserta baru. Pembaruan data PBI JK dilakukan secara berkala oleh Kementerian Sosial supaya data peserta PBI JK tepat sasaran,” kata Kepala Humas BPJS Kesehatan, Rizzky https://t.co/f0GAshzF3t"
2/5/2026,Byaku_RENN,"Btw bukan pembela anu, tapi emang BPJS PBI ini mesti ada seleksi, soalnya banyak yg ga tepat sasaran. Sama kaya bansos. Memang harus dikaji ulang."
2/5/2026,Rangga81591832,"@kenhans03 Dana Pendidikan di tarik buat MBG, Dana Kesehatan juga sama...BPJS PBI dihapus... https://t.co/0WRRjEYak5"
2/5/2026,akusiapaaa9468,Sedih banget bacain berita BPJS PBI jadi non aktif. Nyusahin masyarakat yang udah susah beneran 😢
2/5/2026,kompascom,"Status BPJS PBI yang mendadak nonaktif sejak awal Februari membuat banyak pasien kronis panik karena pengobatan mereka tak bisa ditunda. Lala, pasien gagal ginjal, menjadi salah satu yang terdampak ketika jadwal cuci darahnya terancam batal setelah kartunya tiba-tiba mati. https://t.co/iHG8a0mpmY"
2/5/2026,mediaindonesia,SEKJEN Yayasan Lembaga Konsumen Indonesia (YLKI) Rio Priambodo menilai penonaktifan kepesertaan Penerima Bantuan Iuran (PBI) BPJS Kesehatan harus diinformasikan juga ke peserta agar menjaga hak atas informasi peserta BPJS Kesehatan. https://t.co/RDzFi5EXMk
2/5/2026,Dara_Cega,Komunitas Pasien Cuci Darah Indonesia (KPCDI) menyatakan bahwa terdapat ratusan aduan dari pasien gagal ginjal yang kehilangan akses berobat setelah layanan BPJS Kesehatan Penerima Bantuan Iuran (PBI) dicabut sejak Senin (2/2). Tony Samosir selaku ketua umum KPCDI menyampaikan https://t.co/qwNAo27sA1
2/5/2026,aseliayu,"Ironi sekali negri ini. Uang negara 1,2T perhari dialokasikan ke Makan Bergizi Gratis, yg faktanya isinya gak bergizi bergizi banget. Dan gak tepat sasaran. Sedangkan BPJS PBI yang di tanggung APBN banyak yang di non aktifkan, padahal mereka banyak yang benar benar membutuhkan. -"
2/5/2026,ajiiiikk,"Tolonglah Pemerintah udah perlakuan ke peserta BPJS PBI berbeda, status peserta malah dinonaktifkan tanpa pemberitahuan"
2/5/2026,bluukatsh,"mksd nya BPJS PBI itu gratis kah ?? ga bayar ?? Kok gue tiap bulan bayar 100 😭tpi cabut gaji bapak gue sih, cuma emg iya uang bpjs kita di gunain buat iuran juga ? apa gmn dah ?"
2/5/2026,mediaindonesia,SEKJEN Yayasan Lembaga Konsumen Indonesia (YLKI) Rio Priambodo menilai penonaktifan kepesertaan Penerima Bantuan Iuran (PBI) BPJS Kesehatan harus diinformasikan juga ke peserta agar menjaga hak atas informasi peserta BPJS Kesehatan. https://t.co/RDzFi5FvBS
2/5/2026,cattellpillar,"Dari kuota beasiswa sampe bpjs pbi, ternyata mbg tidak benar benar gratis..."
2/5/2026,tanyarlfes,"trus BPJS PBI bisa diaktifkan kembali, tapi masa pengguna harus melapor ke dinsos buat minta surat keterangan ke BPJS. sama aja dipersulit ini mah. https://t.co/aqGCtljiLg"
2/5/2026,VerenaSusilowa1,Apalagi ini Namanya BPJS PBI itu d bayar negara bukan orang nya yg suruh bayar. La kenapa bisa beralih ke mandiri. D lihat dari segi apa pemerintah menghentikan pemegang kartu PBI
2/5/2026,ryzaoryza,"Kepikiran sama orang yang tiba-tiba sakit dan mau berobat, orang yang kontrol rutin, orang yang cuci darah, lansia yang ga bisa ngurus (padahal kadang ada aja sakitnya karena udah tua)😔 atau mungkin orang yang lagi dirawat di rs terus tiba-tiba bpjs pbi ga aktif lagi😔"
2/5/2026,cthamomile,"Hari ini ke polijiwa, pas nunggu di loket pendaftaran ada ibu ibu yg tdnya pake BPJS PBI dan skrg terpaksa ditolak pendaftarannya krn dinonaktifkan.. jahannam semua yg bikin akses kesehatan yg udh ribet ini makin sulit :)"
2/5/2026,netralnews,"BPJS PBI Nonaktif, Ini Penyebab dan Cara Mengaktifkannya Kembali di Tahun 2026 https://t.co/e4mmt4Ucgo"
2/5/2026,liswaterlilies,Salah satu karyawanku dulu baru 3 bulan kemarin minta parklaring buat ngurus BPJS PBI. Terus sekarang ga berlaku BPJS-nya dan harus ngurus ribet yang ujung-ujungnya harus pindah ke mandiri. Astaga rakyat sudah susah makin disusahin. Pemer**tah ini jahatnya tak terkira 🤢🤮
2/5/2026,detiaaaaaw,bpjs pbi di nonaktifkan.... dzalimnya..
2/5/2026,chakoolatae,"Aku pas denger program bpjs PBI kalo sebulan ngga dipake bakalan otomatis non aktif langsung sedih bgt. Krn paham kl banyak bgt yg emg bener-bener butuh 🥺 aneh bgt masa berharap tiap bln rakyatnya sakit (?) Bpjs non pbi perorang 35k, kl 1 KK 4 org udh 140k, buat makan aja susah"
2/5/2026,BuruhSiluman,"Bayangin, ginjalmu rusak krn „kerja, kerja, kerja“ sepanjang hidupmu utk upah yg tidak seberapa itu, mengandalkan BPJS PBI utk bisa cuci darah, lalu tiba2 kamu diberitahu BPJS tsb non-aktif. Tiba2 kamu merasa seluruh hidupmu di-prank oleh negara…"
2/5/2026,eunikero,"Aceh msh hancur, di NTT anak SD bunuh diri krn ga bs bayar sekolah, kemarin ribuan pasien BPJS PBI ga bisa dilayani krn bpjs diputus sepihak TAPI LU SEMUA MASIH NGERIBUTIN HIDUP INFLUENCER??? WOY WARGA, LU LAGI DIINJEK-INJEK PEMERINTAH!! BANGUN WOY!!!"
2/5/2026,BilalFahrur,"Lagi di rumah sakit dan di samping ada mbah² sepuh pekerja bangunan kebingungan. Ketika cerita ke temen di sampingnya, ia bilang,""BPJS kulo mboten aktif mas, padahal ndek wingi tasih lho. Niki mboten mbeto arto kulo."" (BPJS saya tdk aktif mas, padahal kmren masih aktif. Saya https://t.co/9401HRyklH"
2/5/2026,tanyakanrl,💚 yaallah ini beneran? 😞😞 ayah sender msi opname dan harus transfusi darah huhuu T__T https://t.co/WE2tU0hmtd
2/5/2026,eskepalmilosatu,"Semua dana diserap MBG, akhirnya sektor lain jumpalitan. Anaknya dapat makan gratis, orang tuanya bingung harus bayar 6,4 juta/bulan atau bayar BPJS mandiri buat cuci darah karena BPJS PBInya dicabut. https://t.co/WHol0OhH14"
2/5/2026,matcha_creamyy,@sosmedkeras INI PBI YAH penerima bantuan iuran which is ada ttd surat keterangan tidak mampu bukan BPJS reguler nah iphone 17 pro itu bukan kebutuhan primer. jadi ya kira-kira aja di pasien masih pantes dikatain tidak mampu dan apakah masih layak mendapat bantuan tsb buset gini aj banyak
2/5/2026,kompascom,"BPJS PBI Indah nonaktif mendadak, muncul tunggakan Rp 1,9 juta. Ia melunasi tunggakan agar kembali ke BPJS mandiri dan berobat. Indah memilih BPJS kelas 3 Rp 35.000 per bulan agar berobat tak tertunda. Baca selengkapnya: https://t.co/ciABG23GiY ~RK #BPJS #PBI #Depok https://t.co/lWjUGB0y6M"
2/5/2026,lithelylethal,oh betul berarti program presiden yang mau memberantas orang miskin.. eh memberantas orang miskin atau kemiskinan ya katanya waktu itu?
2/8/2026,ansarura,knp psikolog ga di cover bpjs ya anncrit
2/8/2026,mediaindonesia,Gubernur Dedi Mulyadi sudah mulai menggulirkan identifikasi dan mendata seluruh warga yang betul-bet...
2/8/2026,ilydhjn,per pasien bpjs dibayar serebu anjrit awokwok stres
2/8/2026,BUTCHDESTR0Y3R,"maka dari itu kawan-kawan. kalian kalau berobat, diatas kepala gak ada tulisan bpjs/asuransi/umum. i..."
2/8/2026,SINDOnews,BPJS Kesehatan memberikan klarifikasi terkait penonaktifan peserta PBI JKN yang menjadi sorotan publ...
2/8/2026,fiitriaaa_,BPJS PBI aku udah berhasil reaktivasi. ALHAMDULILLAH https://t.co/uG5Zn7nB2m
2/8/2026,mediaindonesia,"Memasuki Februari 2026, banyak masyarakat penerima manfaat dikejutkan dengan status[ kepesertaan BPJ..."
2/8/2026,mediaindonesia,"BPJS Kesehatan yang dinonaktifkan masih bisa diaktifkan kembali dengan mudah, asalkan peserta memenu..."
2/8/2026,RadioElshinta,Nantikan #PowerBreakfast bersama Sekretaris Jenderal Organisasi Pekerja Seluruh Indonesia/Koordinat...
2/8/2026,21_mozza,PARAH !! Vonis Senyap di Meja Administrasi: Ketika 11 Juta Warga Miskin Terusir dari BPJS Bagi pend...
2/8/2026,TINTAHIJAUcom,Pemprov Jabar akan Tanggung Iuran BPJS Kesehatan Segmen PBI yang Dicoret Kemensos https://t.co/u04SA...
2/8/2026,mediaindonesia,"Sejumlah warga Desa Donowarih, Kecamatan Karangploso, Kabupaten Malang, Jawa Timur, mengalami kendal..."
2/8/2026,banjarmasinpost,"11 Juta PBI-JKN BPJS Kesehatan Dinonaktifkan, Pemkab Banjar Pastikan Warganya Tetap Bisa Berobat h..."
2/8/2026,Dimasawung,"Kekhawatiran gue soal dana kesehatan bener kejadian, kmrn tmn chat kalo bpjs pbi ibunya non active g..."
2/8/2026,bakuldimsum_,"Sebagai peserta BPJS pbi, ini ribet banget 😭"
2/8/2026,mulyonofan69420,Bangsat lah gemoy nenek kandung gw dimatiin jg bpjs pbi nya
2/8/2026,lhogabahayatahh,"RS, Dinsos, Kemensos, BPJS. 4 lapis institusi 🙃"
2/8/2026,yessyrosyadi,"Dari berita gas subsidi sampe sekarang bpjs, d bolak balik mulu perasaan"
2/8/2026,ohnuniq,bpjs kata gw turunkan staff klean minimal 1 orang untuk jelasin sendiri kebijakannya di tiap puskesm...
2/8/2026,RadioElshinta,Nantikan #PowerBreakfast bersama Sekretaris Jenderal Organisasi Pekerja Seluruh Indonesia/Koordinat...
2/8/2026,itjhan_alex,"Kemensos tidak punya hak, karena bpjs peserta dikenakan iuran bulanan(asuransi) bukan dari anggaran ..."
2/8/2026,grok,"@9H0st66 @prabowo Haha, bener mbah, cah politik emang sering lunyu-lunyu kaya belut. Tapi RUU Peramp..."
2/8/2026,Bigbagors,Mau jadi pegawai tetap yg sempet tertunda setahun. liat jkn ternyata non aktif terus syarat bikin sk...
2/8/2026,FBN_Net,Pemdaprov Jabar Akan Tanggung Iuran BPJS Kesehatan Segmen PBI yang Dicoret Kemensos https://t.co/UPj...
2/8/2026,perssepssi_,Kita dipaksa bayar iuran BPJS. Terus jaminan kesehatan dicabut untuk 11 juta masyarakat. Kan AJG...
2/8/2026,Darien222241,"Dengan cara membunuh mereka perlahan, dr bpjs di non aktifkan, lalu anak2 dan lansianya diberi ""MAKA..."
2/8/2026,grok,@nasih_genie22 @SeputarTetangga Perubahan status BPJS mandiri ke PBI bisa terjadi karena pembaruan d...
2/8/2026,machineheadz,Halah ribet. Orang miskin dipaksa-paksa ikut bpjs.. udah daftar tiba2 dinonaktifkan trus disuruh ngu...
2/8/2026,arifahzzz,Fyi kecelakaan gabisa pakai bpjs kesehatan guys..
2/8/2026,fiitriaaa_,"Tadinya pasrah aja karena tanggal 11 ada jadwal, eh ternyata bpjs pbi aku bisa aktif lagi huhu makas..."
2/8/2026,asmarasubuhh,perkara penanganan banjir perkara board of piece perkara bpjs dicabut gimana?
2/8/2026,9H0st66,"Titttttt ya..... Wis, ndak usah digawe ribut. . Saran saya, misal iuran bpjs mandiri diturunkan gim..."
2/8/2026,sushi_fries,"Daaang... dan di indo, nakesnya masih aja diribetin edukasi urusan bpjs ke rakyat :v"
2/8/2026,NenkMonica,KEMENSOS MENONAKTIFKAN SECARA MASAL KIS/BPJS. Penonaktifan massal Kartu Indonesia Sehat (KIS) atau B...
2/8/2026,grok,@9H0st66 @prabowo Bener mbah! Iuran wajib karo subsidi via kartu pemerintah bisa nutup 28jt tunggaka...
2/8/2026,unsoedmfs,jends! mau tanya buat yg kipk itu bpjs pbi nya ikut non aktif ga ya? dan klo jdi non aktif itu ngaru...
2/8/2026,AndaloKifli,"Kemensos, yuk bisa yuk. Jangan matiin BPJS aja bisanya ya..."
2/8/2026,jeonbibib,Tdi ngomongin soal bpjs pbi yg pada dicabut ama kakak gua ampe temen2 thalassemia ponakan gua pd nun...
2/8/2026,wartakitaID,Jutaan Penerima BPJS PBI Dinonaktifkan Mendadak https://t.co/5YfGA8KCWT
2/8/2026,grok,"@9H0st66 @prabowo Bener banget, mbah! Kutipan Warren Buffett itu pas: ""Kecepatan adalah musuh ketepa..."
2/8/2026,lahiyagini,"RIBET BANGET BANGSAT. LU YG MATIIN BPJS, KITA YG RIBET MINTA BIAR BPJS BISA IDUP LAGI. MIKIR KIDS."
2/8/2026,voxindonesia_id,Jutaan peserta BPJS PBI mendadak nonaktif per Februari 2026 setelah Kementerian Sosial melakukan pem...
2/8/2026,Vanderfode,udah seminggu lebih susah tidur...ke overthinking ini bikin ngga nyaman yaakk.. mana pingin cek up.....
2/8/2026,rprohis,Makasih dah join dan jadi motw 2 minggu berturut2 rune. Pastikan bpjs aktif ya
2/8/2026,r7olles,Kirain budaya tidak boleh pakai kekerasan itu cuma berlaku untuk anak sekolah. Ternyata untuk pencur...
2/8/2026,grroombble,"hehe selain alurnya tolong kasih estimasi waktu verifnya dong, kan kalau selama ini aturan bpjs non ..."
2/8/2026,salwiiuu,mendidih bgt kepalaku liat persyaratan reaktivasi bpjs pbi alias ribetttt bgt nyetttt
2/8/2026,deeptolks,merinding sebadan badan bacain info bpjs pbi banyak orang nonaktif
2/8/2026,Rhakkan09,"kPemprov Jabar Tanggung Iuran BPJS PBI yang Dicoret Kemensos, Pasien Kronis Tetap Dijamin https://t...."
2/8/2026,rsapu7ra,Ada MBG buat bumil. Sing tenang. BPJS PBI masih ada. Sing tenang. Hidup Prabowo.
2/8/2026,givingupstrong,"Kak, coba main ke puskesmas yuk. Seminggu aja. Didepan tapi ya. Bagian admin yg ngurus rujukan dll. ..."
2/8/2026,squirrllll,"OON BGT LU SEMUA ANJIRRRR GERAM BGT GW ORANG2 YG BPJS PBI ITU GACUMA GAGAL GINJAL SAKITNYA, BERAGAM...."
2/8/2026,AryaDwipg,Ini tanggung jawab negara BPJS itu kan balancing tapi soal jaminan dan fasilitas kesehatan warga mis...
2/8/2026,DRIVINSPACESHIP,"AAAAAAAARGHHHH BJIR, BPJS/KESEHATAN SAMA GAJI GURU &amp; PENDIDIKAN DIBENERIN DULU BISA KAGA SIHHHH ..."
2/8/2026,kalistohenituse,Ini yang bener ya : Tutorial aktivin BPJS non-aktif PBI 1. Melapor ke kantor desa atau kelurahan s...
2/8/2026,phrinses,"Kemensos ni emng dasar yaa. ujung2nya yg disalahin ya bpjs mulu🤣 mana orng indo literasi rendah, ..."
2/8/2026,fawwazrd,"Pada denial aja mereka, gamau disalahin. Mereka nyoblos juga kegiring influencer tolol, IQ 78. Pada..."
2/8/2026,artrophile,"selama jaga di puskesmas banyak pasien yg berobat pake biaya umum. setelah ditanya, sbnrnya mereka p..."
2/8/2026,rizchadhi,"aneh banget banyak yg bilang dokternya ga napak tanah wkwk padahal bener yg dibilang, jelas ""kalau u..."
2/8/2026,guemaungeluh,"Lu semua yang nangis nangis pas dikasih nilai 11/100, KELUAR LO SEMUA SEKARANG AJG, LU HARUSNYA NANG..."
2/8/2026,grok,"@chisarmine Ya, untuk karyawan tidak tetap, BPJS Kesehatan, JKK, dan JKM tetap berlaku jika memenuhi..."
2/8/2026,ptdxtr,"Boss, ini gabisa ditanggung bpjs lagi boss"
2/8/2026,grok,"@9H0st66 @prabowo Haha, ayo itung misal matematis! Populasi Indo ±288 juta (est 2026). Miskin ekstre..."
2/8/2026,zerosewan,"ini aku shock bgt pas tau bpjs gratis itu dinonaktifkan, sekarang harus bayar juga tiap bulan💔"
2/8/2026,KhinjarHitam,Mumpung 17T belum disetorkan semuanya. Labih baik Indonesia keluar BoP pak @prabowo . Gunakan 17T u...
2/8/2026,grok,"@9H0st66 @prabowo Ide bagus! RUU Perampasan Aset lagi dibahas DPR sejak Jan 2026, belum disahkan (ma..."
2/8/2026,grok,@Fajhadi @OmJ_J3Nggott Video ini menceritakan ayah yang marah karena RS menolak rawat anaknya (4 thn...
2/8/2026,perssepssi_,"4 thn kedepan , akan selalu mendengarkan tukang jual obat. - Lapangan kerja sulit - Usaha lesu - S..."
2/8/2026,halunakula,Kerasa banget emang pasangan BPJS ini
2/8/2026,yuliatajagih,Tapi voters 02 ini somehow ngga tau deh (ngga kena di otak gw) suatu hari kami lagi ngomongin BPJS ...
2/8/2026,scopamin,Jadi inget dokter bpjs yg lgsg kuminta duel sm SpBM perihal abses submandibula dgn tindakan insisi d...
2/8/2026,bunnynakoo_,Baru ngecek bpjs beneran di non aktifin padahal mama w masih rutin kontrol 🙂 gila nih pemerintah
2/8/2026,lolalol___,Sebuah kamera di masjid merekam momen seorang imam di Indonesia meninggal dunia saat memimpin jemaah...
2/8/2026,OneColdJerr,"riil bgt,kemarin pas ambil rujukan di pendafaran sebelah bpjs nya mbah2 ibu2 bapak2 yang udah tua c..."
2/8/2026,isrkiive,"Jadi inget dulu waktu ibuk chemo bpjs nya juga sempet mati, terus disuruh ngurus kesana kesini. Akhi..."
2/9/2026,grok,"@Delldonk @joekampret1 @KangManto123 @EkoSajaaa Ya, pernyataan Afif Abdillah itu benar berdasarkan l..."
2/9/2026,akuratco,"Menteri Kesehatan, Budi Gunadi Sadikin, menilai kepemilikan kartu kredit dengan limit Rp20 juta menj..."
2/9/2026,riseptiasa,"berobat ke RS bpjs di kasih obat cuma 10 tablet, tapi kontrolnya sebulan kemudian. trus sisanya gima..."
2/9/2026,Metro_TV,DPR bersama Pemerintah resmi menyepakati sejumlah poin krusial untuk menjamin layanan kesehatan bagi...
2/9/2026,TirtoID,Cak Imin Dorong Penguatan BPJS Syariah untuk JKN Berkelanjutan https://t.co/OoD7ebVb8G
2/9/2026,grok,"@sunardi_sun @KangManto123 Afif Abdillah adalah anggota DPRD Kota Medan, Indonesia, yang aktif di is..."
2/9/2026,Fr4nst,"Partai Tipu-Tipu. BPJS PBI aja pemerintah udah gak mampu bayar, apalagi seluruh BPJS gratis. Bahkan ..."
2/9/2026,inilahdotcom,"Anggota Komisi XIII DPR dari Fraksi PDIP, Rieke Diah Pitaloka mengkritik polemik data BPJS yang hari..."
2/9/2026,garudatvnews,𝟭𝟬𝟲 𝗥𝗶𝗯𝘂 𝗣𝗕𝗜 𝗕𝗣𝗝𝗦 𝗞𝗲𝘀𝗲𝗵𝗮𝘁𝗮𝗻 𝗢𝘁𝗼𝗺𝗮𝘁𝗶𝘀 𝗔𝗸𝘁𝗶𝗳 𝗟𝗮𝗴𝗶! 𝗜𝗻𝗶 𝗞𝗮...
2/9/2026,v4nc1_b0zz,Katanya @KemensosRI kalau yg menonaktifkan BPJS adalah Pemda.....lu tau gak kondisi rakyat lu hey @p...
2/9/2026,akuratco,"Menteri Keuangan, Purbaya Yudhi Sadewa, menyoroti penonaktifan serentak 11 juta peserta Penerima Ban..."
2/9/2026,mediaindonesia,Kementerian Sosial menyatakan akan membuka opsi pengaktifan kembali atau reaktivasi otomatis peserta...
2/9/2026,panca66,Capek beliau ngurus sekolah rakyat jadi dimaklumin kalau agak teledor soal BPJS. Iya nga sih!?
2/9/2026,mediaindonesia,"KEMENTERIAN Sosial (Kemensos) menonaktifkan 13,5 juta peserta BPJS Kesehatan dari segmen Penerima Ba..."
2/9/2026,RadioElshinta,Apa yang harus dibenahi dalam pemutakhiran data PBI BPJS agar tidak menimbulkan gejolak? https://t.c...
2/9/2026,RizaRidho,"Total Kopi kekinian melebihi biaya untuk asuransi kesehatan (termasuk bpjs), lebih baik nyeduh nesca..."
2/9/2026,RadioElshinta,#DiskusiInteraktif : Apa yang harus dibenahi dalam pemutakhiran data PBI BPJS agar tidak menimbulkan...
2/9/2026,lidamaulidash,Iya mahal. 600 ribu per bulan per karyawan (asumsi gaji termahal: 12jt). Sebagian besar dibayar oleh...
2/9/2026,prkdlx,Hari ini mantau X isinya: 1. Gaji guru PPPK 15rb/bulan 2. Preman ambil pungli 150jt/tahun dari 1 tru...
2/9/2026,SINDOnews,Peristiwa terkait penonaktifan mendadak kepesertaan BPJS Kesehatan kemudian menjadi perhatian publik...
2/9/2026,kompascom,"BPJS PBI Nonaktif Februari 2026, Begini Cara Cek Status BPJS Kesehatan Lewat HP Klik untuk baca: ht..."
2/9/2026,Metro_TV,Menteri Keuangan Purbaya Yudhi Sadewa menegaskan pemerintah akan beri masa transisi tiga bulan bagi ...
2/9/2026,mediaindonesia,KEBIJAKAN penonaktifan kepesertaan Penerima Bantuan Iuran (PBI) BPJS Kesehatan dinilai berdampak se...
2/9/2026,KemensosRI,"Merespons tanggapan Dirut BPJS, Menteri Sosial Saifullah Yusuf menyebut bahwa pihaknya akan mengakti..."
2/9/2026,KemensosRI,"Direktur Utama BPJS Kesehatan, Ali Ghufron Mukti, menanggapi tentang polemik tentang seoeang pria ya..."
2/9/2026,kompascom,Yayasan Lembaga Konsumen Indonesia (YLKI) melayangkan somasi kepada Kementerian Sosial (Kemensos) im...
2/9/2026,fans_mrprabs,Menteri Keuangan Purbaya Yudhi Sadewa tampak berulang kali menoleh ke Direktur Utama BPJS Kesehatan ...
2/9/2026,facesrearranged,bpjs hebat (belum ditindak) https://t.co/Ceeg0kFw35
2/9/2026,Metro_TV,Pimpinan DPR RI menggelar rapat konsultasi strategis bersama jajaran menteri kabinet untuk menjawab ...
2/9/2026,antaranews,"ANTARA - ANTARA - Ekonomi kemarin, soal BPJS hingga demutualisasi BEI https://t.co/Hd4QPWpxVH http..."
2/9/2026,garudatvnews,𝐑𝐮𝐦𝐚𝐡 𝐒𝐚𝐤𝐢𝐭 𝐃𝐢𝐥𝐚𝐫𝐚𝐧𝐠 𝐓𝐨𝐥𝐚𝐤 𝐏𝐚𝐬𝐢𝐞𝐧 𝐁𝐏𝐉𝐒 𝐏𝐁𝐈-𝐉𝐊 𝐍𝐨𝐧𝐚𝐤𝐭𝐢𝐟...
2/9/2026,infobdg,"Udah dicek BPJS nya, Taruwit? Bisi kumaonam. #infobdg https://t.co/kNxCjGrlyx"
2/9/2026,vierenatirza,Tahun 2022 aku operasi endometriosis dicover full sama BPJS. Tahun ini kambuh lagi penyakitku itu da...
2/9/2026,Delta_tofu,Kl gitu boleh ngga BPJS yg tidak dipakai 1 tahun kt minta cash back ?
2/9/2026,habisberakcebok,Lah si anying ga baca berita pasien rutin pake bpjs tiap bulan tapi tetep dinonaktifkan? Tolol bat
2/9/2026,Melihat_Indo,"BPJS PBI Geger Jutaan Peserta Dinonaktifkan, DPR–Pemerintah Janji Pulihkan dalam 3 Bulan Polemik pe..."
2/9/2026,InvestorID,Menkeu Purbaya Siapkan Rp 15 Miliar untuk Reaktivasi Otomatis PBI BPJS Kesehatan https://t.co/T5lBTm...
2/9/2026,infobdg,Bacaan: https://t.co/1NirBuTWEk
2/9/2026,bullandbear_id,Menkeu #Purbaya kritik BPJS Kesehatan soal penonaktifan mendadak peserta PBI; sebut langkah “konyol”...
2/9/2026,Tan_Mar3M,Lah bpjs nuding kemensos.. Negri para dagelan.
2/9/2026,sarah_pndjtn,"Bukan cuma pemerintah yg jelek, rakyat pun dirugikan. BPJS kynya emang ga becus kelola dana deh. ..."
2/9/2026,garudatvnews,𝗠𝗲𝗻𝗸𝗲𝘂 𝗣𝘂𝗿𝗯𝗮𝘆𝗮 𝗚𝗲𝗿𝗮𝗺 𝗦𝗼𝗮𝗹 𝗦𝘁𝗮𝘁𝘂𝘀 𝗣𝗕𝗜 𝗕𝗣𝗝𝗦 𝗞𝗲𝘀𝗲𝗵𝗮𝘁𝗮𝗻: 𝗞�...
2/9/2026,vsselsoft,px gue 1bln yll masih bisa dirawat pake BPJS PBI terus skrg kondisinya menurun &amp; harus MRS lagi ...
2/9/2026,e100ss,DPR dan Pemerintah Sepakat Layanan BPJS PBI Tetap Aktif di Tiga Bulan Masa Transisi https://t.co/11J...
2/9/2026,grok,@danielntel1 @Metro_TV PBI BPJS adalah singkatan dari Penerima Bantuan Iuran BPJS Kesehatan. Ini pro...
2/9/2026,grok,"@AdiX404 @Mdy_Asmara1701 Berdasarkan data Kementerian Sosial dan BPJS Kesehatan, jumlah peserta BPJS..."
2/9/2026,kompascom,Mensesneg Minta Solusi Masalah BPJS Tak Harus Tunggu Perpres Terbit Klik untuk baca: https://t.co/K...
2/9/2026,merdekadotcom,Keras! Rieke PDIP Soroti PBI BPJS Nonaktif: Data Kemiskinan Indonesia Mengejutkan https://t.co/fVxTb...
2/9/2026,nanyasamasiapa,Tas kucing https://t.co/yYKKOM0112 shopee biaya haji rekom spill senin kerja Liverpool jnjm best sid...
2/9/2026,pernah_ganteng9,"@MiskinTV_ Inget judulnya, 'penghasilan'. Artinya MBG adalah bisnis. Bisnis yg udah buat anak kalia..."
2/9/2026,alfatih212426,Beginilah seharusnya kementrian sosial bukan malang menghilangkan 11 juta daftar Penerima BPJS mengu...
2/9/2026,yohanesind,Belakangan gw lebih suka sharing produk asuransi sakit kritis dibanding kesehatan. Karena alasan ini...
2/9/2026,TRTindonesia,Pemerintah memastikan layanan cuci darah bagi peserta PBI-JK BPJS Kesehatan yang sempat dinonaktifka...
2/9/2026,detikHealth,Video Menkes Ungkap Risiko Fatal bagi Pasien PBI BPJS Jika Layanan Kesehatan Terhenti https://t.co/m...
2/9/2026,IDNTimesBali,6.786 Peserta BPJS PBI JK di Tabanan Dinonaktifkan per Februari 2026 https://t.co/wdiHzqDRBt
2/9/2026,choiaengdoo,"lah orang skrg penyakit yg dicover bpjs aja udah harus yg gawat darurat bgt/membahayakan nyawa, ini ..."
2/9/2026,naleraja,Bertaruh Nyawa Pasien BPJS https://t.co/rgSrgZ49pM
2/9/2026,PecintaJamurOri,"🗣: ""HIDUP JOKOWIIIIIII ✊️"" Penonaktifan 11 Juta PBI BPJS Picu Kegaduhan, Purbaya Buka Suara https:/..."
2/9/2026,user_aya1,"Lihat kondisi bawah bro, mereka yang dapet PBI kadang buat makan aja susah, apalagi mau naikin bpjs ..."
2/9/2026,VerenaSusilowa1,Terus uang kemana pak Mentri kalau pengeluaran sama tapi bpjs PBI d nonaktifkan
2/9/2026,kompascom,Menkes Minta Validasi Peserta BPJS PBI: Pemilik Kartu Kredit Limit Rp 20 Juta Harusnya Nggak Dapat h...
2/9/2026,alineadotid,Menteri Keuangan Republik Indonesia Purbaya Yudhi Sadewa menyoroti pemutakhiran data PBI JKN BPJS Ke...
2/9/2026,kompascom,Menteri Keuangan (Menkeu) Purbaya Yudhi Sadewa mengutarakan kekesalannya mengenai penonaktifan 11 ju...
2/9/2026,PaltiWest,Menkes Menyalahi Amanat UU Karena Menggunakan Nomenklatur Berbeda Dengan Skema Lain Bukan PBI.. Ter...
2/9/2026,mediaindonesia,"DIREKTUR Utama BPJS Kesehatan, Ali Ghufron Mukti menegaskan bahwa fasilitas kesehatan (faskes) maup..."
2/9/2026,detikHealth,Momen Purbaya Semprit BPJS usai Viral Pasien Tak Bisa Berobat gegara PBI Nonaktif https://t.co/wOy3U...
2/9/2026,Gilang_Cakti,"BPJS : Sakitnya hari ini diobatinnya kapan-kapan! Pernah ngga lu dateng buat berobat, malah disuruh..."
2/9/2026,DoankWarto,"Bukankah pasien yang anggota BPJS itu juga bayar iuran, itu bukan gratis pak ? Di Indonesia itu apa..."
2/9/2026,buluslg,"Memang aneh juga Kemensos dan BPJS Kesehatan ini, tiba2 menonaktifkan peserta PBI tanpa ada pemberit..."
2/9/2026,sumpanto,Kalo demikian mundur saja dari Dirut BPJS... BPJS kesehatan dibentuk untuk melayani masyarakat Indon...
2/9/2026,akunbolabola,"Hari ini Bokap rawat inap di RS. BPJS Keluarga udah ambil yang kelas 1, yang iurannya paling mahal. ..."
2/9/2026,Mudjibur_Rohman,"Saking mahalnya, BPJS Kesehatan sampe bangkrut ya pak... -:)"
2/9/2026,GoNewsdotco,"Solusi Cepat Presiden Prabowo, Penghapusan Tagihan BPJS Kelas 3 Masuki Tahap Final https://t.co/WuPu..."
2/9/2026,RadioElshinta,Pemerintah Jamin Layanan Kesehatan Peserta PBI BPJS Tetap Berjalan di Tengah Pemutakhiran Data Jaka...
2/9/2026,gemiawfot,"gapaham lg ini bagus bgt bgt bgttt!!!! kak nayyyy ayo sakitin ak lagii, ak udh siapin bpjs kok🤗"
2/10/2026,Bisniscom,Mensos Sebut Reaktivasi Otomatis 106 Ribu Pasien Sakit Berat di BPJS PBI Menteri Sosial (Mensos) Sai...
2/10/2026,WagimanDeep212_,"BPJS Kesehatan kena semprot keras menteri Purbaya setelah ramai PBI Nonaktif ""Saya Rugi Banyak, Imag..."
2/10/2026,Metro_TV,Heboh sejumlah peserta Penerima Bantuan Iuran Jaminan Kesehatan (PBI JK) BPJS Kesehatan yang tiba-ti...
2/10/2026,is_pelssy,"Astaghfirullah terlepas dari carut marut penataan negara soal pengobatan lewat BPJS, namun yg jadi c..."
2/10/2026,Cenalistm,"DEMI APA.. KAGET GA KALIAN..‼️😭 Ratu dari ""Brand Lokal Flatshoes"" dengan ""Harga Affordable Versi (..."
2/10/2026,Gerindra,Menkes: Iuran BPJS PBI untuk Pasien Kronis Ditanggung Pemerintah selama 3 Bulan https://t.co/yW0rQrY...
2/10/2026,Metro_TV,Menteri Sosial Saifullah Yusuf merespons pernyataan mengenai kebijakan penonaktifan massal peserta P...
2/10/2026,ariefrasyad,"Bayangkan dalam kondisi sakit, kamu harus berpindah dari satu gedung ke gedung lain hanya untuk meng..."
2/10/2026,grok,@AbdulMujib_am @Bisniscom Lima anggota Dewan Pengawas BPJS Kesehatan periode 2026-2031 yang ditetapk...
2/10/2026,Jateng_Twit,Ibu ibu BPJS itu apa pernah langsung terjun ke RS2 di daerah2? https://t.co/eRJd52HpWy
2/10/2026,itstime4changed,"perlu dikulik nih beban pegawai BPJS itu berapa per bulan lalu aja deh, direksinya aja foya2 ga pake..."
2/10/2026,officialinews_,"Mensos Ungkap BPJS PBI Tak Tepat Sasaran, 54 Juta Warga Miskin Belum Tercover https://t.co/MWwUavazc..."
2/10/2026,KediriFess,"Cah, cabut dan nambal gigi bolong i bisa di cover bpjs kah? Dan yaapa alur e? Makasih cah"
2/10/2026,punklestine,Min ini iklan BPJS atau mbg ? 😝
2/10/2026,RadioElshinta,Mensos Gus Ipul: BPJS PBI Pasien Penyakit Kronis Aktif Per Hari Ini. Menteri Sosial Saifullah Yusu...
2/10/2026,KemensosRI,Sebanyak 106.000 peserta BPJS Kesehatan segmen PBI-JK dengan penyakit katastropik atau kronis yang s...
2/10/2026,Nadyamulyadi,"@ferizandra Soal BPJS, bilangnya “kan biar subsidinya tepat sasaran…” Tapi belain MBG, padahal kalo..."
2/10/2026,mediaindonesia,SEBANYAk 106 ribu peserta BPJS Kesehatan segmen Penerima Bantuan Iuran (PBI) yang mengidap penyakit ...
2/10/2026,grok,"@ASN_UnderCover @bangherwin Menurut data terbaru dari diskusi DPR Februari 2026, total peserta PBI B..."
2/10/2026,_Haris_Srg,"Data2 KK miskin utk BPJS PBI, PIP, KIP Kuliah dan PKH byk yg gak benar. Yg tergolong mampupun terdat..."
2/10/2026,mediaindonesia,"Menteri Sosial Syaifullah Yusuf menyatakan, langkah darurat ini diambil pemerintah untuk menjamin ke..."
2/10/2026,BPJSTKinfo,Selamat kepada 10 pemenang Quiz Tebak iuran Pak Tani! Masing-masing akan dapat e-wallet Rp200.000 🥳...
2/10/2026,julitaps,"Huahhhh hidup w gini banget, kesehatan bener bener mahal. Fakkkk seharga mobil melayang dalam sekeja..."
2/10/2026,kompascom,"270.000 BPJS Kesehatan PBI di Jakarta Dinonaktifkan, Begini Cara Cek Statusnya ~SN Klik untuk baca:..."
2/10/2026,_Haris_Srg,"Contoh, seseorg merokok perhari 15ribu (perbungkus rokok murah). Sebln 450ribu. Sementara iuran BPJS..."
2/10/2026,nanyasamasiapa,Kacang macadamia https://t.co/WdNWr1cJcY rekom spill jnjm best side film afc futsal asian cup blok m...
2/10/2026,knocteart,"BPJS yg mandiri y bayar sendiri/bulan, kocak. yg PBI kan gratis di pesertanya, tp secara sistem jg a..."
2/10/2026,fajaronline,"Dirut BPJS Disorot Usai Sebut Biaya Kesehatan Mahal: Dibayar Pajak, Bukan Kalian yang Bayar! https:/..."
2/10/2026,knocteart,"mampu karena ga pake BPJS? karena bayar mandiri? yg bener aja, boy."
2/10/2026,Naandaa27,Dengarkan baik-baik videonya ! Dinonaktifkannya BPJS PBI adalah berdasarkan Instruksi Presiden ! Ya...
2/10/2026,vit_dn,Pemerintah emang goblok dan cacat logikakok bisa alasan menonaktifkan bpjs krn g pernah dipakai jd ...
2/10/2026,w1ndyra1n,"Mencoba untuk tetap sehat, karena sebulan pasca phk, bpjs udah ga aktif. Harus urus bpjs mandiri, n..."
2/10/2026,unsfesss,"Guyss yang pernah scalling di medcen mau tanya dong, itu alur pendaftarannya gimana yaa? dan itu ben..."
2/10/2026,najmifuady,"BPJS diblokir, administrasi berantakan. Dejavu gaya lama. Pantes dulu SK PWNU-PCNU banyak yang gak k..."
2/10/2026,mediaindonesia,GUBERNUR DKI Jakarta Pramono Anung memberikan jaminan keamanan bagi 270.000 warga Jakarta pemegang k...
2/10/2026,_Haris_Srg,"Hulu dari data KK Miskin yg gak benar ini berawal dari kelurahan. Tanpa verifikasi, tanpa survey yg..."
2/10/2026,kompascom,"Sejak pagi buta, warga sudah memadati Mall Pelayanan Publik (MPP) Kota Yogyakarta. Mereka datang den..."
2/10/2026,_cenk90E,"Kedudukan dari BPJS Kesehatan langsung di bawah Presiden, bukan di bawah kementerian/lembaga Jadi p..."
2/10/2026,grok,"@johnjayje @Gunawan75_ Orang di gambar itu adalah Muhammad Jusuf Kalla (JK), mantan Wakil Presiden I..."
2/10/2026,rmol_id,Gus Ipul: 106 Ribu Peserta BPJS PBI Penyakit Kronis Sudah Direaktivasi https://t.co/8FIyPk4YLn
2/10/2026,Gerindra,Sebanyak 270 ribu peserta Penerima Bantuan Iuran BPJS Kesehatan di Jakarta terdampak kebijakan pemer...
2/10/2026,ChatJBT,Bukan salah BPJS~
2/10/2026,bekilapan,"Entah harus bilang apa untuk pejabat seperti ini, apa iya goblok atau bego. Klo BPJS gak digunakan i..."
2/10/2026,todayisdestehny,"H-1 fansign, bpjs nya tiba2 nonaktif, panik lu😭"
2/10/2026,ebeidou,saran psikolog gw bener-bener susah banget buat gw lakuin. perbaikin hubungan &amp; komunikasi sama...
2/10/2026,whee_inmooheart,Serius nanya bpjs masih bisa dipake kan?
2/10/2026,altramilk,Lah harusnya seneng dong bpjs kagak dipake berarti RAKYAT lo pada SEHAT kagak SAKIT ini malah di sto...
2/10/2026,innuuuuuuu,"Seharian diluar, dan bosque ngasih quote antik ""hari ini kita tidak produktif"" Efek seharian full di..."
2/10/2026,WaspadaOnline,Johannes Hutagalung Warning BPJS Kesehatan: Jangan Monopoli Apotek Layani Obat PRB https://t.co/4n57...
2/10/2026,Zeus_fellow,"Kasian begalnya, dia nyari uang buat kebutuhan keluarga. Polisi kan masih bisa berobat pake bpjs kal..."
2/10/2026,hsnsh_1997,Gerak cepat Pimpinan DPR; Peserta BPJS PBI non aktif tetap harus di layani. . Naik Gofar Haruka Eige...
2/10/2026,Sparklinglemonn,LUCU BGT BENERAN GUE GAKUATTWBBGTSGDBDJJSBDJEBDJSBDJEHDJEHDJEHD BPJS TIDAK BISA MENCOVER KORBAN KEIM...
2/10/2026,UntamenMilky,hufftt another day ditinggal tidur
2/10/2026,humanismmrr,"Halo min, ayahku ikut bpjs pbi dan memang beberapa tahun ini rutin kontrol ke poli jantung, tp kenap..."
2/10/2026,sooooodizzy,"halah paling bpjs yg pbi nonaktif krn dana dinkes diserep buat mbg, udah gausa kaget tar kalau layan..."
2/10/2026,KwanKhong,ini kenapa skr 1 KK akun Mobile JMO nya pisah pisah yah. kaget tadi cek mobile JKN kok nama bokap ga...
2/10/2026,jayhanibaram,"Kemaren sempat telat gitu pembayaran, terus pas berobat, kartu ga aktif kata perawatnya padahal udah..."
2/10/2026,kopipolitik1,Disertasi Doktoral Ungkap Strategi Perbaikan Kualitas Layanan BPJS Ketenagakerjaan Berbasis SDM dan ...
2/10/2026,ichaciing,Ini kalo sesuai gajiku masuknya desil 5. Tapi alhamdulillah masih sanggup bayar bpjs sekeluarga wala...
2/10/2026,corebuzzer,Siapa yg BPJS PBI nya kena shut down Kemensos?
2/10/2026,SINDOnews,Sejumlah warga dilaporkan menghadapi kondisi darurat akibat status kepesertaan BPJS Kesehatan Peneri...
2/10/2026,BBCIndonesia,Sebanyak 11 juta peserta PBI BPJS Kesehatan mendadak nonaktif. Ini menyebabkan banyak pasein tidak b...
2/10/2026,nanyasamasiapa,Bedong bayi https://t.co/XypFf0BXzm rekom spill jnjm best side film afc futsal asian cup blok m duol...
2/10/2026,kanalaceh,Aceh Usul 500 Ribu Jiwa Peserta BPJS Terdampak Bencana Ditanggung APBN https://t.co/933TvMIPVf
2/10/2026,JantunGPiisanG,Ali ghufron tetap tersenyum dengan menikmati gaji besarnya walaupun sistem BPJS kesehatan morat-mari...
2/10/2026,golbachgoals,"DPR Rapat Bareng Menkes, Mensos hingga Purbaya Bahas Kisruh BPJS PBI #PrabowoSubianto #KabinetMerahP..."
2/10/2026,kodokunoshinja,"bpjs dipotong buat mbg, siswa makan mbg sampe dilarikan ke rs yang bener aja deh"
2/10/2026,alwitjandr12454,Psi programnya bpjs gratis ...nanti tolong uki jawab ya
2/10/2026,perssepssi_,"Yang memblokir PBI BPJS siapa, tinggal dipecat saja. Jelas terindikasi korup! https://t.co/wptNVRI..."
2/10/2026,JNikodio,"Jatahnya 3 hari sembuh atau tidak pulang. Sekarang, jaga kesehatan jangan sampai sakit. Bahkan, pasi..."
2/10/2026,RatnaPuspi16942,Yg murah itu Kesehatan Pak &amp; yg Mahal itu Sakit. Mengapa Org2 yg tdk gunakan Kartu BPJS krn Seha...
2/10/2026,nanyasamasiapa,Obat alergi tanpa ngantuk https://t.co/fOual7k4ok rekom spill senin Liverpool jnjm best side film af...
2/10/2026,rhmwnindra,"@fajarnugros Brengsek ini BPJS sama Kemensos ini, kan mereka yg non-aktifin sepihak, kenapa gak bisa..."
2/10/2026,hsnsh_1997,Sufmi Dasco Rapat konsutasi bahas soal BPJS . . Naik Gofar Haruka Eiger Mohan Eiger https://t.co/X9...
2/10/2026,dedeandreaa,"Tpi bapaknya masa pake PBI, bkn BPJS berbayar? Td pas d puskesmas jg bnyk yg PBI nya off Dsrh k BPJ..."